ticker,cik,event_date,accession_number,document,items,with_earnings,amount_usd,snippet
STT,0000093751,2022-06-13,0000093751-22-000557,stt2022msconferenceprese.htm,7.01 9.01,False,3000000000.0,"State Street’s $3B common stock repurchase authorization, which is suspended through 3Q22, covers through year end 2022."
MNST,0000865752,2022-06-15,0001104659-22-071490,tm2218551d1_ex99-1.htm,5.07 8.01 9.01,False,500000000.0,"(310) 279-5980 MONSTER BEVERAGE BOARD AUTHORIZES NEW $500.0 MILLION SHARE REPURCHASE PROGRAM Corona, CA – June 14, 2022 – Monster Beverage Corporation (NASDAQ:MNST) today announced that its Board of Directors has authorized a new share repurchase program for the repurchase of up to an additional $500.0 million of the Company’s outstanding common stock."
KLAC,0000319201,2022-06-16,0001193125-22-175500,d341367d8k.htm,7.01 8.01 9.01,False,6000000000.0,"Also, on June 15, 2022, the Board approved a new share repurchase program that authorizes the repurchase of up to $6 billion of shares of the Company’s common stock."
DRI,0000940944,2022-06-23,0000940944-22-000032,dri-20220623.htm,2.02 9.01,True,1000000000.0,Authorizes New $1 Billion Share Repurchase Program;
MS,0000895421,2022-06-27,0000950103-22-011308,dp175834_8k.htm,8.01 9.01,False,20000000000.0,"In addition, the Company’s Board of Directors authorized a new multi-year equity share repurchase program of outstanding common stock up to $20 billion, without a set expiration date, beginning in the third quarter."
NKE,0000320187,2022-06-27,0000320187-22-000029,q4fy22exhibit991er.htm,2.02 9.01,True,18000000000.0,"The Company announced its Board of Directors has authorized a new four-year, $18 billion program to repurchase shares of NIKE's Class B Common Stock “NIKE’s results this fiscal year are a testament to the unmatched strength of our brands and our deep connection with consumers,"" said John Donahoe, President and CEO, NIKE, Inc."
CFG,0000759944,2022-06-28,0000759944-22-000110,cfg-20220627.htm,7.01 9.01,False,1000000000.0,"On June 27, 2022, Citizens Financial Group (the “Company”) issued a press release announcing key aspects of its 2022 Capital Plan, which includes increasing the Company’s common share repurchase authorization to $1.0 billion."
MS,0000895421,2022-07-14,0001157523-22-000850,a52777919ex99_1.htm,2.02 9.01,True,20000000000.0,The Firm also announced a multi-year repurchase authorization of up to $20 billion of outstanding common stock without a set expiration date.
GDDY,0001609711,2022-07-15,0001609711-22-000097,gddy-20220715_d2.htm,8.01 9.01,False,2275000000.0,"Share Repurchases Our Board authorized us to purchase up to $2,275.0 million of our Class A common stock from time to time in open market purchases, block transactions and privately negotiated transactions, in accordance with applicable federal securities laws."
NDAQ,0001120193,2022-07-20,0001193125-22-197571,d346485dex991.htm,2.02 5.03 7.01 8.01 9.01,True,819000000.0,"Second quarter 2022 non-GAAP 4 diluted earnings per share increased 9% compared to the second quarter of 2021.  During the first six months of 2022, the company returned $819 million to shareholders, including $633 million in share repurchases and $186 million in dividends.  After receiving the required regulatory and shareholder approvals, the Board declared a three-for-one stock split, with tr"
FCX,0000831259,2022-07-21,0000831259-22-000039,a2q2022exhibit991.htm,2.02 7.01 9.01,True,840000000.0,"Increase in share repurchase authorization ▪ Net income attributable to common stock in second-quarter 2022 totaled $840 million, $0.57 per share, and adjusted net income attributable to common stock totaled $854 million, $0.58 per share, after excluding net charges totaling $14 million, $0.01 per share. ▪ Consolidated sales totaled 1.1 billion pounds of copper, 476 thousand ounces of gold and 20 "
HBAN,0000049196,2022-07-21,0000049196-22-000085,hban20220630_8kex991.htm,2.02 9.01,True,650000000.0,"As of June 30, 2022, Huntington completed $650 million of the share repurchase authorization."
FFIV,0001048695,2022-07-25,0001048695-22-000023,ffiv-20220722.htm,2.02 8.01 9.01,True,1000000000.0,"Item 8.01 Other Events On July 22, 2022, F5, Inc.'s board of directors authorized an additional $1 billion for the Company’s common stock share repurchase program."
CMG,0001058090,2022-07-26,0001058090-22-000033,cmg-20220726x8k.htm,2.02 8.01 9.01,True,300000000.0,"On July 26, 2022, we announced that our Board of Directors has authorized repurchases of common stock with a total aggregate purchase price of $300 million, exclusive of commissions."
IRDM,0001418819,2022-07-26,0001193125-22-201436,d364873dex991.htm,2.02 7.01 9.01,True,600000000.0,"Cash taxes are expected to be negligible through approximately 2024.  Net leverage of between 2.5 and 3.5 times OEBITDA at the end of 2023, assuming the completion of the Companys total $600 million in authorized share repurchases."
JBHT,0000728535,2022-07-26,0001437749-22-017755,jbht20220726_8k.htm,5.02 5.03 7.01 9.01,False,500000000.0,"On July 21, 2022, we issued a news release announcing that the Company’s Board of Directors adopted a new share repurchase program authorizing the repurchase of an additional $500 million of the Company’s common stock."
LOGI,0001032975,2022-07-26,0001032975-22-000027,exhibit991q1fy23.htm,2.02 9.01,True,,"Expands Share Buyback Authorization LAUSANNE, Switzerland, July 26, 2022 and NEWARK, Calif., July 25, 2022 — SIX Swiss Exchange Ad hoc announcement pursuant to Art. 53 LR — Logitech International (SIX: LOGN) (Nasdaq: LOGI) today announced financial results for the first quarter of Fiscal Year 2023."
DECK,0000910521,2022-07-28,0000910521-22-000029,deck-20220728.htm,2.02 8.01 9.01,True,1200000000.0,"On July 27, 2022, the Company’s Board of Directors approved an increase of $1.2 billion to the Company’s stock repurchase programs (the “Stock Repurchase Programs”), which authorizes the Company to repurchase its common stock in the open market or in privately negotiated transactions, subject to market conditions, applicable legal requirements, and other factors."
DXCM,0001093557,2022-07-28,0001093557-22-000145,dxcm-20220726.htm,8.01,False,700000000.0,"On July 26, 2022, a duly authorized committee of our Board of Directors authorized and approved a share repurchase program of up to $700 million of our outstanding common stock, with a repurchase period ending no later than June 30, 2023 (the “Share Repurchase Program”)."
EME,0000105634,2022-07-28,0000105634-22-000031,eme-ex99_2022630xq2.htm,2.02 9.01,True,500000000.0,The Company also announced today that its Board of Directors has authorized a new share repurchase program for the Company to repurchase up to an additional $500 million of its outstanding common stock.
EW,0001099800,2022-07-28,0001099800-22-000016,ex-991q22022.htm,2.02 9.01,True,,"In July, the company obtained Board approval to increase the authorization under the company’s share repurchase program, consistent with its long-time practice of seeking new authorizations when the prior authorization has been diminished."
HIG,0000874766,2022-07-28,0000874766-22-000071,ex991earningsnewsrelease63.htm,2.02 9.01,True,3000000000.0,EX-99.1 2 ex991earningsnewsrelease63.htm EX-99.1 Document NEWS RELEASE The Hartford Announces Second Quarter 2022 Financial Results Board Authorized New $3.0 Billion Share Repurchase Program
MSCI,0001408198,2022-07-28,0001564590-22-026882,msci-8k_20220728.htm,8.01,False,1000000000.0,"(the “Company”), authorized a new share repurchase program providing for the repurchase of shares of the Company’s common stock with an aggregate value of up to $1.0 billion."
FANG,0001539838,2022-08-01,0001539838-22-000127,fang-20220801.htm,2.02 9.01,True,4000000000.0,Increases Share Repurchase Authorization to $4 Billion .” 104 Cover Page Interactive Data File (formatted as Inline XBRL).
MOS,0001285785,2022-08-01,0001243786-22-000134,pressreleaseq22022-ex991.htm,2.02 9.01,True,2000000000.0,"Board of Directors approves a new $2.0 billion share repurchase authorization TAMPA, FL, August 1, 2022 - The Mosaic Company (NYSE: MOS), reported net income of $1.0 billion, or $2.85 per diluted share, for the second quarter of 2022."
ABNB,0001559720,2022-08-02,0001193125-22-210001,d353427dex991.htm,2.02 9.01,True,2000000000.0,Were announcing today that our Board of Directors has approved a share repurchase program with authorization to purchase up to $2 billion of our Class A common stock at managements discretion.
DOC,0000765880,2022-08-02,0001628280-22-020241,ex99106302022.htm,2.02 7.01 9.01,True,500000000.0,"SHARE REPURCHASE AUTHORIZATION In August 2022, Healthpeak’s Board of Directors approved a $500 million share repurchase program."
EXE,0000895126,2022-08-02,0000895126-22-000131,chk-ex_991x20220630x8kxpr.htm,2.02 7.01 9.01,True,2000000000.0,"Over the last two months we have doubled our share and warrant repurchase authorization to $2 billion, retired over $580 million in common shares, and increased our base dividend by 10%."
MPC,0001510295,2022-08-02,0001510295-22-000061,mpcq22022earningsrelease.htm,2.02 9.01,True,15000000000.0,"As MPC approaches completing its $15 billion capital return program with the proceeds of the Speedway sale, its Board of Directors has approved a separate and incremental $5 billion share repurchase authorization."
PYPL,0001633917,2022-08-02,0001633917-22-000135,q222paypalearningsreleas.htm,2.02 5.02 9.01,True,15000000000.0,Renewed commitment to capital return with new $15 billion share repurchase authorization;
FTNT,0001262039,2022-08-03,0001262039-22-000026,ftntq2-2022ex991.htm,2.02 9.01,True,1000000000.0,"In July 2022, Fortinet’s board of directors authorized a $1.0 billion increase in the authorized stock repurchase under our share repurchase program."
GNRC,0001474735,2022-08-03,0001437749-22-018543,ex_405036.htm,2.02 9.01,True,500000000.0,"Additionally, on July 29, 2022, the Company’s Board of Directors approved a new stock repurchase program that allows for the repurchase of up to $500 million of the Company's common stock over a 24-month period."
MRNA,0001682852,2022-08-03,0001682852-22-000040,exhibit9912022q2pressrelea.htm,2.02 9.01,True,3000000000.0,"Given our strong financial position and commercial momentum, we are announcing today that the Board of Directors has approved a new share repurchase program for $3 billion,” said Stéphane Bancel, Chief Executive Officer of Moderna."
MELI,0001099590,2022-08-05,0001171843-22-005422,f8k_080522.htm,8.01,False,,"Approval of Stock Repurchases On August 2, 2022, the Board approved a stock repurchase under the Company’s existing share repurchase program, approved by the Board on August 4, 2021 and modified on March 1, 2022, pursuant to which on August 8, 2022 the Company may repurchase Shares up to a value of $960,000."
VST,0001692819,2022-08-05,0001193125-22-213037,d364910dex991.htm,2.02 9.01,True,1250000000.0,"Authorizes Additional $1.25 Billion for Share Repurchases IRVING, Texas  Aug. 5, 2022  Vistra (NYSE: VST) today reported its second quarter 2022 results: Financial and Operating Highlights  Results  Continued to experience favorable pricing environment allowing Vistra the opportunity to lock in future value through the continued execution of its comprehensive hedging strategy."
SMCI,0001375365,2022-08-09,0001375365-22-000092,smci-20220803.htm,2.02 8.01 9.01,True,200000000.0,"Item 8.01 Other Events On August 3, 2022, a duly authorized subcommittee of the Company's Board approved a share repurchase program to repurchase shares of common stock for up to $200 million at prevailing prices in the open market."
FOX,0001754301,2022-08-10,0001193125-22-216839,d388419dex991.htm,2.02 9.01,True,4000000000.0,SHARE REPURCHASE PROGRAM The Company has authorized a $4 billion stock repurchase program.
AIT,0000109563,2022-08-11,0000109563-22-000073,a8k8112022releaseexhibit991.htm,2.02 9.01,True,,"We expect this strategy to present many new and relevant growth catalysts, and drive an ongoing evolution at Applied that will further solidify the Company as the premier technical provider of customer return-enhancing solutions and application expertise across critical industrial infrastructure.” New Share Repurchase Program Authorization Today the Company announced that its Board of Directors au"
CDNS,0000813672,2022-08-15,0001193125-22-221293,d351161d8k.htm,8.01,False,1000000000.0,(the “Company”) approved the repurchase of up to an additional $1 billion of the Company’s common stock under its existing share repurchase program.
EXE,0000895126,2022-08-18,0001104659-22-092550,tm2223655d1_ex99-1.htm,8.01 9.01,False,2000000000.0,The Company intends to resume its $2 billion board authorized share repurchase program following the completion of the Offers.
TPR,0001116132,2022-08-18,0001157523-22-001141,a52817619ex99_1.htm,2.02 9.01,True,700000000.0,This includes the assumption for: Share Repurchases: Tapestry expects to buy back approximately $700 million in common stock in the fiscal year under its existing $1.5 billion share repurchase authorization.
PANW,0001327567,2022-08-22,0001327567-22-000020,panw-20220822.htm,2.02 8.01 9.01,True,915000000.0,"On August 19, 2022, the Board of Directors of the Company approved the repurchase of up to an additional $915.0 million of the Company’s common stock."
CBRE,0001138118,2022-08-23,0001193125-22-227592,d396125d8k.htm,5.02 7.01 8.01 9.01,False,2000000000.0,Item 8.01 Other Events The Company’s Board of Directors has approved an incremental $2.0 billion increase to the Company’s stock repurchase authorization.
INTU,0000896878,2022-08-23,0000896878-22-000025,fy22q4earningspressrelease.htm,2.02 8.01 9.01,True,2000000000.0,"The Board approved a new $2 billion repurchase authorization, giving the company a total authorization of $3.5 billion to repurchase shares."
CRM,0001108524,2022-08-24,0001108524-22-000038,crm-20220824.htm,2.02 7.01 9.01,True,10000000000.0,"In August 2022, the Board of Directors authorized a program to repurchase up to $10.0 billion of the Company’s common stock (the “Share Repurchase Program”)."
DG,0000029534,2022-08-25,0001104659-22-094210,tm2224205d1_ex99-1.htm,2.02 5.02 7.01 9.01,True,2000000000.0,"On August 24, 2022, the Company’s Board of Directors increased the authorization under the share repurchase program by $2.0 billion."
FLEX,0000866374,2022-08-26,0000866374-22-000063,flex-20220825.htm,5.07 8.01,False,1000000000.0,"The Company announced that it has received shareholder approval to purchase up to 20% of the Company’s issued and outstanding Ordinary Shares, and the Company’s Board of Directors has authorized management to continue its share repurchase plan for the Company’s issued Ordinary Shares in an aggregate amount not to exceed $1 billion."
SNPS,0000883241,2022-09-01,0001193125-22-236560,d381284d8k.htm,8.01 9.01,False,1500000000.0,(“ Synopsys ”) issued a press release announcing that its board of directors (the “ Board ”) had replenished Synopsys’ existing stock repurchase program with authorization to purchase up to $1.5 billion of Synopsys common stock.
NDSN,0000072331,2022-09-06,0000072331-22-000086,ndsn-20220906.htm,8.01 9.01,False,500000000.0,"On September 6, 2022, the Board of Directors of Nordson Corporation (the “Company”) authorized the repurchase of an additional $500 million of the Company’s outstanding common shares."
EQT,0000033213,2022-09-07,0001104659-22-098267,tm2225319d1_8k.htm,1.01 3.02 8.01 9.01,False,,"On September 6, 2022, EQT announced that the Board approved an increase to its share repurchase program (the “Share Repurchase Program”)."
TMUS,0001283699,2022-09-08,0001193125-22-241026,d359205d8k.htm,8.01,False,14000000000.0,"On September 8, 2022, T-Mobile US, Inc., a Delaware corporation (the “Company”), announced that its Board of Directors has authorized a stock repurchase program for up to $14.0 billion of the Company’s common stock, par value $0.00001 per share, through September 30, 2023."
KR,0000056873,2022-09-09,0001104659-22-098693,tm2225379d1_ex99-1.htm,2.02 9.01,True,1000000000.0,"On September 9 th , the Board of Directors authorized a new $1 billion share repurchase program. 2 2022 Guidance Comments from CFO Gary Millerchip “Our second quarter results provide another proof point that Kroger has the right go-to-market strategy."
JNJ,0000200406,2022-09-14,0000200406-22-000076,jnj-20220914.htm,8.01,False,5000000000.0,"On September 14, 2022, Johnson & Johnson (the “Company”) announced that its Board of Directors has authorized the repurchase of up to $5 billion of the Company's common stock."
RL,0001037038,2022-09-19,0000950142-22-002737,eh220287601_ex9901.htm,7.01 9.01,False,2000000000.0,"The Company expects to continue returning excess free cash flow to shareholders over the next three years, with plans to return approximately $2 billion on a cumulative basis through Fiscal 2025 through its regular quarterly cash dividends and share repurchases, subject to the authorization of its Board of Directors and overall business and market conditions."
CRM,0001108524,2022-09-21,0001108524-22-000047,vfinal_investordayxfy23x.htm,7.01 9.01,False,10000000000.0,Implemented Programmatic Approach Average Free Cash Flow Return2 30-40% Share Repurchase Authorization1 $10B Profitable Growth at Scale Average Free Cash Flow Return2 30-40%$10B Share Repurchase Authorization1 FY26 Revenue CAGR ~17% 25%+ FY26 Non-GAAP Operating Margin2 FY26 Revenue Target2 $50B 1$10B share repurchase authorization without expiration date 2Revenue target represents growth driven by
JBL,0000898293,2022-09-27,0001193125-22-251750,d345991dex991.htm,2.02 9.01,True,1000000000.0,EX-99.1 2 d345991dex991.htm EX-99.1 EX-99.1 Exhibit 99.1 Jabil Posts Fourth Quarter and Fiscal Year 2022 Results Announces New $1 Billion Share Repurchase Authorization ST.
AZO,0000866787,2022-10-04,0001171843-22-006410,f8k_100322.htm,8.01 9.01,False,2500000000.0,(the “Company”) issued a press release announcing that the Board of Directors has authorized the repurchase of an additional $2.5 billion of the Company’s common stock in connection with its ongoing share repurchase program.
EXE,0000895126,2022-10-11,0000895126-22-000162,ex9912022-10x10prretoresul.htm,7.01 9.01,False,2000000000.0,These transactions simplify our capital structure.” The Company intends to resume its $2 billion board authorized share repurchase program following the completion of the Offers.
SCHW,0000316709,2022-10-17,0000316709-22-000032,a3q22exhibit991_09302022.htm,2.02 9.01,True,15000000000.0,"“In late July, the board of directors approved a 10% increase in our common dividend and a $15 billion stock repurchase authorization."
LMT,0000936468,2022-10-18,0000936468-22-000118,ex991q32022.htm,2.02 9.01,True,14000000000.0,"Multi-Year $14 Billion Share Repurchase Program and Dividend Rate Increase On October 17, 2022, the company's board authorized the purchase of up to an additional $14.0 billion of Lockheed Martin common stock under its share repurchase program."
IRDM,0001418819,2022-10-20,0001193125-22-265692,d347240dex991.htm,2.02 9.01,True,600000000.0,"Cash taxes are expected to be negligible through approximately 2024.  Net leverage of between 2.5 and 3.5 times OEBITDA at the end of 2023, assuming the completion of the Companys total $600 million in authorized share repurchases."
CMG,0001058090,2022-10-25,0001058090-22-000041,cmg-20221025x8k.htm,2.02 8.01 9.01,True,200000000.0,"On October 25, 2022, we announced that our Board of Directors has authorized repurchases of common stock with a total aggregate purchase price of $200 million, exclusive of commissions."
V,0001403161,2022-10-25,0001403161-22-000076,q42022earningsrelease.htm,2.02 8.01 9.01,True,12000000000.0,"The board of directors increased Visa's quarterly cash dividend 20% to $0.45 per share and authorized a new $12.0B share repurchase program Income Statement Summary In billions, except percentages and per share data. % change is calculated over the comparable prior-year period."
F,0000037996,2022-10-26,0000037996-22-000072,exhibit99tooctober262022.htm,2.02 9.01,True,,Directors approved the repurchase of up to 35 million shares over time for that purpose.
MAS,0000062996,2022-10-26,0000062996-22-000039,a8-kexhibit99093022.htm,2.02 9.01,True,2000000000.0,Board authorized new $2.0 billion share repurchase program
URI,0001067701,2022-10-26,0001067701-22-000041,uri-9302022xex991.htm,2.02 7.01 8.01 9.01,True,1250000000.0,"Share Repurchase Program On October 24, 2022, the company's Board of Directors authorized a new $1.25 billion share repurchase program which is expected to commence in the fourth quarter of 2022 and be completed by the end of 2023."
BKR,0001701605,2022-10-27,0001701605-22-000156,bkr-20221027.htm,7.01 9.01,False,2000000000.0,"On October 27, 2022, Baker Hughes Company (the “Company”) issued a press release announcing that its board of directors authorized Baker Hughes Holdings LLC (“BHH LLC”) to repurchase up to $2 billion of additional common units, increasing its existing share repurchase authorization, which was announced in July 2021, by $2 billion to $4 billion."
CARR,0001783180,2022-10-27,0001783180-22-000054,a99-q32022earningsexhibit.htm,2.02 7.01 9.01,True,2000000000.0,EX-99 2 a99-q32022earningsexhibit.htm EX-99 Document Exhibit 99 Carrier Reports Third Quarter 2022 Results Board approves $2 billion share repurchase authorization
CPT,0000906345,2022-10-27,0000906345-22-000040,exhibit991earningsreleaseq.htm,9.01,False,269000000.0,"Subsequent to quarter end, Camden's Board of Trust Managers increased its share repurchase authorization from $269 million to $500 million."
FCFS,0000840489,2022-10-27,0000840489-22-000073,fcfs-20221027.htm,2.02 8.01 9.01,True,100000000.0,"(the “Company”) issued a press release announcing its financial results for the three and nine month periods ended September 30, 2022 and the Board of Directors’ declaration of a fourth quarter cash dividend of $0.33 per common share and the Board of Directors’ authorization of $100 million of share repurchases (the “Earnings Release”)."
LHX,0000202058,2022-10-27,0000202058-22-000061,l3harrisq32022investorle.htm,2.02 7.01 9.01,True,171000000.0,"Dividends Per Share $3.40 $4.08 $4.48 2020 2021 2022 (Annualized) Average Diluted Shares (M) Share Repurchases ($B) CAPITAL ALLOCATION > Share repurchases totaled $171 million, bringing repurchase activity since 2020 to nearly $7 billion and reducing the share count by approximately 12% over the same period. > The L3Harris Board of Directors recently approved an additional $3.0 billion share repur"
TMUS,0001283699,2022-10-27,0001283699-22-000140,tmus09302022ex991.htm,2.02 9.01,True,14000000000.0,The company’s sustained performance and significant progress on integration allowed T-Mobile to receive full investment grade ratings from all three rating agencies and board approval to commence a share repurchase program for up to $14 billion of the company’s common stock through September 2023.
ALGN,0001097149,2022-10-31,0001097149-22-000062,algn-20221028.htm,1.01 2.03 7.01 9.01,False,200000000.0,"Description 99.1 Press Release of Align Technology, Inc. announcing its $200 million Accelerated Stock Repurchase Program 104 Cover Page Interactive Data File (embedded within the Inline XBRL document) SIGNATURE Pursuant to the requirements of the Securities Exchange Act of 1934, the registrant has duly caused this report to be signed on its behalf by the undersigned hereunto duly authorized."
LSCC,0000855658,2022-10-31,0001437749-22-025164,ex_418174.htm,2.02 9.01,True,150000000.0,Expanded Stock Repurchase Program: Lattice's Board of Directors authorized the Company to repurchase up to an additional $150 million of its outstanding common stock through the end of December 2023.
DVN,0001090012,2022-11-01,0000950170-22-020850,dvn-ex99_1.htm,2.02 9.01,True,2000000000.0,Devon also returned capital to shareholders through the ongoing execution of its $2.0 billion share-repurchase authorization.
CF,0001324404,2022-11-02,0001324404-22-000026,cf-11022022_ex991xearnings.htm,2.02 9.01,True,2490000000.0,"Reports First Nine Months 2022 Net Earnings of $2.49 Billion, Adjusted EBITDA of $4.58 Billion Strong Operational Performance and Wide Energy Spreads Drive Record Results Company to Collaborate with ExxonMobil on Landmark Carbon Capture Project Board Authorizes New $3 Billion Share Repurchase Program DEERFIELD, IL—November 2, 2022—CF Industries Holdings, Inc."
CTSH,0001058290,2022-11-02,0001058290-22-000320,exhibit9919302022.htm,2.02 7.01 9.01,True,2000000000.0,Board of Directors approved an increase of $2 billion to the share repurchase authorization
HST,0001070750,2022-11-02,0000950170-22-021286,hst-ex99_1.htm,2.02 9.01,True,1000000000.0,"During the third quarter, the Board of Directors authorized an increase in the Company’s share repurchase program to $1 billion."
TPL,0001811074,2022-11-02,0001811074-22-000069,exhibit991q32022earningsre.htm,2.02 9.01,True,250000000.0,"Stock Repurchase Program On November 1, 2022, our board of directors approved a stock repurchase program to purchase up to an aggregate of $250 million of our outstanding common stock to be effective beginning January 1, 2023."
COP,0001163165,2022-11-03,0001157523-22-001504,a52958538ex99_1.htm,2.02 9.01,True,20000000000.0,"Announces 11% Increase to Quarterly Ordinary Dividend, Declares Variable Return of Cash Distribution and Increases Existing Share Repurchase Authorization by $20 Billion HOUSTON--(BUSINESS WIRE)--November 3, 2022--ConocoPhillips (NYSE: COP) today reported third-quarter 2022 earnings of $4.5 billion, or $3.55 per share, compared with third-quarter 2021 earnings of $2.4 billion, or $1.78 per share."
MNST,0000865752,2022-11-03,0001104659-22-114430,tm2223883d2_ex99-1.htm,2.02 8.01 9.01,True,1620000000.0,"(310) 279-5980 MONSTER BEVERAGE REPORTS 2022 THIRD QUARTER FINANCIAL RESULTS -- Record Third Quarter Net Sales Rise 15.2 Percent to $1.62 Billion -- -- Net Sales, Adjusted for Adverse Changes in Foreign Currency of $71.3 million, Rise 20.2 Percent -- -- Pricing Actions Positively Impact Gross Margins -- -- Board Authorizes New $500.0 Million Share Repurchase Program -- Corona, CA – November 3, 202"
MTD,0001037646,2022-11-03,0001037646-22-000029,ex-991mtd8xkq32022.htm,2.02 9.01,True,2500000000.0,The Company announced that the Board of Directors authorized an additional $2.5 billion to the share repurchase program.
ECL,0000031462,2022-11-04,0001558370-22-016443,ecl-20221103x8k.htm,8.01 9.01,False,,"Emerging growth company ☐ ​ If an emerging growth company, indicate by check mark if the registrant has elected not to use the extended transition period for complying with any new or revised financial accounting standards provided pursuant to Section 13(a) of the Exchange Act. ☐ ​ ​ ​ ​ Item 8.01 Other Events . ​ On November 3, 2022, the Ecolab Board of Directors authorized the repurchase by the "
NRG,0001013871,2022-11-07,0001013871-22-000024,nrgq32022ex991.htm,2.02 9.01,True,600000000.0,"The Board of Directors approved $600 million incremental share repurchases program, to be completed in 2023; an 8% increase in its annual dividend to $1.51 per share beginning in the first quarter of 2023; $331 million in growth and other spend; and $628 million to be allocated at a future date."
VTRS,0001792044,2022-11-07,0001193125-22-278606,d496725dex992.htm,7.01 9.01,False,1000000000.0,"Therefore, we intend to increase our return of capital to shareholders not only through the continuation of our dividend, but also, following the receipt of the proceeds of the Biocon Biologics transaction, we intend to begin executing in 2023 on the $1 billion stock repurchase program authorized by our board of directors earlier this year."
WELL,0000766704,2022-11-07,0000766704-22-000059,well-20221107.htm,2.02 8.01 9.01,True,3000000000.0,"On November 7, 2022, the board of directors of the Company approved a stock repurchase program (the “Stock Repurchase Program”) for up to $3 billion of outstanding shares of common stock, par value $1.00 per share, of the Company (the “Shares”), following the expiration of the Company's previous stock repurchase program."
DD,0001666700,2022-11-08,0001666700-22-000075,exhibit991enrschedules-3q22.htm,2.02 9.01,True,5000000000.0,EX-99.1 2 exhibit991enrschedules-3q22.htm EX-99.1 Document Exhibit 99.1 DuPont Reports Third Quarter 2022 Results Announces Approval of $5.0 Billion Share Repurchase Authorization Third Quarter 2022 Highlights
STLD,0001022671,2022-11-14,0001104659-22-117855,tm2230307d1_8k.htm,8.01 9.01,False,1500000000.0,"Other Events On November 10, 2022, Steel Dynamics, Inc. issued a press release titled “Steel Dynamics Announces Additional $1.5 Billion Share Repurchase Authorization and Fourth Quarter 2022 Cash Dividend.” A copy of that press release is attached hereto as Exhibit 99.1 and incorporated herein by reference."
VRSK,0001442145,2022-11-14,0001193125-22-284581,d403671d8k.htm,8.01,False,3500000000.0,(the “Company”) authorized an incremental $3.5 billion of share repurchases under its existing share repurchase program.
ORLY,0000898173,2022-11-15,0000898173-22-000051,orly-20221115x8k.htm,8.01,False,1500000000.0,"(the “Company”) approved a resolution to increase the authorization amount under its share repurchase program by an additional $1.5 billion, raising the aggregate authorization under the program to $21.75 billion."
WMT,0000104169,2022-11-15,0000104169-22-000077,earningsreleasefy23q3.htm,2.02 7.01 9.01,True,20000000000.0,"Adjusted EPS 2 of $1.50 Company raises full-year outlook on strong results for Q3 Company announces new $20 billion share repurchase authorization Third-quarter highlights Company delivered strong revenue growth globally, with strength in Walmart U.S., Sam’s Club U.S., Flipkart, and Walmex."
AJG,0000354190,2022-11-16,0001193125-22-286302,d379912dex991.htm,8.01 9.01,False,1500000000.0,"These actions are consistent with our past capital management practices that, together with our existing $1.5 billion stock repurchase authorization, give us the flexibility to adjust our capital structure depending upon prevailing market conditions and acquisition funding needs."
PRLB,0001443669,2022-11-21,0001437749-22-027805,ex_448972.htm,7.01 9.01,False,50000000.0,"EX-99.1 2 ex_448972.htm EXHIBIT 99.1 ex_448972.htm Exhibit 99.1 Protolabs Announces $50 Million Increase to Existing Stock Repurchase Authorization MAPLE PLAIN, Minn. – November 21, 2022 – Proto Labs, Inc."
ADSK,0000769397,2022-11-22,0000769397-22-000138,q323pressrelease.htm,2.02 7.01 9.01,True,,"ANNOUNCES FISCAL 2023 THIRD QUARTER RESULTS - Third quarter revenue grew 14 percent and billings grew 16 percent year over year - Third quarter GAAP and non-GAAP operating margin expanded by 3 and 4 percentage points, respectively - Board approves $5-billion share repurchase authorization SAN FRANCISCO, NOVEMBER 22, 2022 -- Autodesk, Inc."
WDAY,0001327811,2022-11-29,0001327811-22-000182,wday-20221129.htm,2.02 8.01 9.01,True,500000000.0,"Section 8 – Other Events Item 8.01 – Other Events On November 29, 2022, Workday announced that its Board of Directors authorized the repurchase of up to $500 million of Workday’s outstanding shares of Class A common stock (the “Share Repurchase Program”)."
RJF,0000720005,2022-12-02,0000720005-22-000068,rjf-20221130.htm,5.02 7.01 8.01 9.01,False,1500000000.0,Item 8.01 Other Events The Press Release also announced that the Board of Directors had authorized repurchase of the Company’s shares of common stock (“Common Stock”) in an aggregate amount of up to $1.5 billion.
CDNA,0001217234,2022-12-06,0001193125-22-298916,d431158d8k.htm,7.01 9.01,False,50000000.0,"(the “Company”) authorized a stock repurchase program, whereby the Company may purchase up to $50 million in shares of its common stock (the “Common Stock”) over a period of up to two years, commencing on December 8, 2022 (the “Repurchase Program”)."
LOW,0000060667,2022-12-07,0000060667-22-000172,low-20221207.htm,7.01 9.01,False,15000000000.0,"In its press release, the Company also announced that the Board of Directors authorized a new $15 billion share repurchase program, pursuant to which the Company may, from time to time, purchase shares of its common stock."
CNC,0001071739,2022-12-16,0001071739-22-000390,cnc-20221216.htm,7.01 8.01 9.01,False,2000000000.0,"ITEM 8.01 OTHER EVENTS On December 16, 2022, the Company announced that the Board of Directors had approved an increase to the existing stock repurchase program for Centene's common stock by $2.0 billion."
ACGL,0000947484,2022-12-19,0000947484-22-000084,acgl-20221219.htm,8.01,False,1000000000.0,"(“the Company”) increased its share repurchase authorization to $1.0 billion, which may be effected from time to time in open market or privately negotiated transactions through December 31, 2024."
A,0001090872,2023-01-09,0000950170-23-000508,a-20230109.htm,8.01 9.01,False,2000000000.0,(the “Company”) issued a press release announcing that the Board of Directors of the Company approved a stock repurchase program authorizing the purchase of up to $2 billion of the Company’s common stock (the “2023 Stock Repurchase Program”).
CDNA,0001217234,2023-01-09,0001193125-23-004117,d443407dex991.htm,2.02 7.01 9.01,True,50000000.0,"Q4 test volume included approximately 2,300 tests for AlloSure ® Lung  Announcement of the new International Society of Heart and Lung Transplantation (ISHLT) guidelines supported the expanded use of CareDxs HeartCare solutions, AlloMap ® and now AlloSure, in routine monitoring of heart transplant patients  Commenced authorized share buyback program of up to $50 million."
BNY,0001390777,2023-01-13,0001390777-23-000002,ex991_earningsreleasex4q22.htm,2.02 7.01 9.01,True,5000000000.0,"Board of Directors authorized a new common share repurchase program of $5 billion, effective Jan. 1, 2023."
KMI,0001506307,2023-01-18,0001506307-23-000002,kmi2022q48-kex991.htm,2.02 9.01,True,2000000000.0,"On January 18, the Kinder Morgan board of directors approved an increase in KMI’s share repurchase authorization from $2.0 billion to $3.0 billion."
HBAN,0000049196,2023-01-20,0000049196-23-000006,hban20221231_8kex991.htm,2.02 9.01,True,1000000000.0,Board of Directors approved a $1 billion share repurchase authorization for the next eight quarters. 2022 Full-Year Highlights Compared to Full-Year 2021:
ELV,0001156039,2023-01-25,0001193125-23-014676,d418386dex991.htm,2.02 9.01,True,5000000000.0,"On January 24, 2023, our Audit Committee, pursuant to authorization granted by the Board of Directors, authorized a $5.0 billion increase to the common stock repurchase program."
TER,0000097210,2023-01-26,0001193125-23-015618,d433401dex991.htm,2.02 9.01,True,2000000000.0,The Board also authorized a $2 billion share repurchase program and the company expects to repurchase up to $500 million of its common stock in 2023.
CVX,0000093410,2023-01-27,0000093410-23-000003,cvx-20230125.htm,2.02 8.01 9.01,True,75000000000.0,"Item 8.01 Other Events On January 25, 2023, the Board of Directors authorized the repurchase of the Company’s shares of common stock in an aggregate amount of $75 billion ."
HCA,0000860730,2023-01-27,0001193125-23-016833,d268135d8k.htm,2.02 7.01 8.01 9.01,True,3000000000.0,"On January 27, 2023, the Company announced that its Board of Directors had authorized an additional share repurchase program for up to $3 billion of the Company’s outstanding common stock."
J,0000052988,2023-01-27,0001193125-23-017253,d370658d8k.htm,5.02 5.07 8.01 9.01,False,1000000000.0,"Share Repurchase Authorization On January 25, 2023, the Board authorized an incremental $1 billion share repurchase program."
KEX,0000056047,2023-01-31,0000950170-23-001440,kex-ex99_1.htm,2.02 9.01,True,37300000.0,"Board increases share repurchase authorization by five million shares HOUSTON, January 31, 2023 – Kirby Corporation (“Kirby”) (NYSE: KEX) today announced net earnings attributable to Kirby for the fourth quarter ended December 31, 2022 of $37.3 million or $0.62 per share, compared with earnings of $11.0 million, or $0.18 per share for the 2021 fourth quarter."
MDLZ,0001103982,2023-01-31,0001193125-23-020409,d416039dex991.htm,2.02 9.01,True,6000000000.0,"The Board of Directors also approved a new program authorizing the repurchase of up to $6.0 billion of our Class A common stock through December 31, 2025."
MPC,0001510295,2023-01-31,0001510295-23-000005,mpcq42022earningsrelease.htm,2.02 9.01,True,5000000000.0,"Announced incremental $5 billion share repurchase authorization FINDLAY, Ohio, Jan. 31, 2023 – Marathon Petroleum Corp."
PSX,0001534701,2023-01-31,0001534701-23-000030,psx-20221231_ex991.htm,2.02 9.01,True,5000000000.0,Authorized $5 billion increase to the share repurchase program
UPS,0001090727,2023-01-31,0001090727-23-000003,exhibit991-q42022earningsp.htm,2.02 9.01,True,5000000000.0,"Declares a Quarterly Dividend of $1.62, a Per Share Increase of 6.6%, and Authorizes a New $5B Share Repurchase Program, Replacing the Existing Authorization ATLANTA – January 31, 2023 – UPS (NYSE:UPS) today announced fourth-quarter 2022 consolidated revenues of $27.0 billion, a 2.7% decrease from the fourth quarter of 2021."
ALGN,0001097149,2023-02-01,0001097149-23-000005,algn-20230201.htm,2.02 8.01 9.01,True,1000000000.0,Align's Board of Directors has approved a stock repurchase program under which the Company intends to repurchase up to $1.0 billion of its common stock over the next three years.
META,0001326801,2023-02-01,0001326801-23-000008,meta-20230201.htm,2.02 8.01 9.01,True,40000000000.0,"On February 1, 2023, Meta announced an increase of $40 billion in the amount authorized for repurchases under the program."
MO,0000764180,2023-02-01,0000764180-23-000012,mo-20230131.htm,2.02 8.01 9.01,True,1000000000.0,"On January 31, 2023, Altria’s Board of Directors (the “Board”) authorized a new $1 billion share repurchase program."
MO,0000764180,2023-02-01,0000764180-23-000013,exhibit991financialstateme.htm,8.01 9.01,False,1000000000.0,"In January 2023, our Board of Directors authorized a new $1.0 billion share repurchase program."
WM,0000823768,2023-02-01,0001104659-23-008880,tm234918d1_ex99-1.htm,2.02 7.01 9.01,True,,"(a) “Our operating EBITDA growth is again expected to generate significant cash from operations, positioning us to step up our level of investment in sustainability growth opportunities while continuing to return cash to our shareholders through our recently announced 7.7% increase in the planned dividend rate for the year ahead and refreshed share repurchase authorization.” (a) The information la"
DGX,0001022079,2023-02-02,0001022079-23-000006,dgx-20230202.htm,2.02 8.01 9.01,True,1000000000.0,"Other Events On February 2, 2023, the Company issued a press release announcing that the Company's Board of Directors authorized the Company to repurchase an additional $1 billion of the Company's common stock as part of the Company's common stock repurchase program and increased the quarterly dividend from $0.66 to $0.71 per share."
FCFS,0000840489,2023-02-02,0000840489-23-000015,fcfs02022023exhibit991.htm,2.02 9.01,True,114000000.0,"Combined with the current plan, the Company has authorization to repurchase up to $114 million of its common stock."
TEAM,0001650372,2023-02-02,0001650372-23-000005,team-20230202.htm,2.02 8.01 9.01,True,1000000000.0,"On February 2, 2023, the Company also announced, as part of the Press Release, that its Board of Directors authorized a program to repurchase up to $1 billion of the Company’s Class A Common Stock (the “ Share Repurchase Program ”)."
REGN,0000872589,2023-02-03,0001804220-23-000005,exhibit991q42022.htm,2.02 9.01,True,3400000000.0,"Allocated $3.4 billion to business development and share repurchases in 2022; new $3.0 billion share repurchase program authorized in January 2023 Tarrytown, New York (February 3, 2023) -- Regeneron Pharmaceuticals, Inc."
ON,0001097864,2023-02-06,0001193125-23-024908,d406586dex991.htm,2.02 9.01,True,3000000000.0,"The company also announced that its Board of Directors has approved a new share repurchase program with authorization to repurchase up to $3 billion of shares of the companys common stock through December 31, 2025. We are committed to a balanced capital allocation strategy to drive long-term value for our shareholders."
SWKS,0000004127,2023-02-06,0000004127-23-000007,swks-20230131.htm,8.01,False,2000000000.0,"(the “Company”) authorized the repurchase of up to $2.0 billion of the Company’s common stock from time to time through February 1, 2025, on the open market or in privately negotiated transactions, in compliance with applicable securities laws and other legal requirements."
SWKS,0000004127,2023-02-06,0000004127-23-000008,q1238-kex991earningsrelease.htm,2.02 8.01 9.01,True,2000000000.0,"“Additionally, our board of directors has approved a new $2 billion stock repurchase program, demonstrating their confidence in our business and its ability to continue generating strong free cash flow.” Dividend Payment Skyworks’ board of directors has declared a cash dividend of $0.62 per share of the Company’s common stock, payable on Mar. 21, 2023, to stockholders of record at the close of bus"
CMG,0001058090,2023-02-07,0001058090-23-000005,cmg-20230207x8k.htm,2.02 9.01,True,200000000.0,"On February 07, 2023, we announced that our Board of Directors has authorized repurchases of common stock with a total aggregate purchase price of $200 million, exclusive of commissions."
IT,0000749251,2023-02-07,0000749251-23-000003,it-20230202.htm,2.02 5.02 7.01 9.01,True,400000000.0,"Share Repurchase Authorization On February 2, 2023, the Board authorized incremental share repurchases of up to an additional $400 million of Gartner’s common stock."
VRTX,0000875320,2023-02-07,0000875320-23-000004,ex-991_q42022.htm,2.02 9.01,True,3000000000.0,"Please refer to Note 1 for further details. 4 Share Repurchase Program On February 1, Vertex’s Board of Directors approved a new share repurchase program, authorizing the repurchase of up to $3.0 billion of our common stock."
CDW,0001402057,2023-02-08,0001402057-23-000006,cdw-20221231earningsrelease.htm,2.02 8.01 9.01,True,750000000.0,"CDW also announced the approval by its Board of Directors of a $750 million increase to its share repurchase authorization and a quarterly cash dividend of $0.59 per share, which is 18 percent higher than the prior year period, to be paid on March 10, 2023 to all stockholders of record as of the close of business on February 24, 2023."
FOX,0001754301,2023-02-08,0001193125-23-027696,d408745dex991.htm,2.02 9.01,True,,"Todays announcement to increase our share repurchase authorization and our intention to immediately deploy a meaningful amount of capital in an accelerated share repurchase transaction reflects the confidence we have in our strategy, the quality of our assets and the strength of our financial position. 1 Excludes net income effects of Impairment and restructuring charges, adjustments to Equity e"
MGM,0000789570,2023-02-08,0000789570-23-000004,mgmexhibit991q42022er.htm,2.02 8.01 9.01,True,2000000000.0,New $2 billion share repurchase program authorized by the Board of Directors
PRLB,0001443669,2023-02-10,0001437749-23-002945,prlb20230206_8k.htm,2.02 7.01 9.01,True,50000000.0,"On February 7, 2023, the board of directors of the Company authorized a $50 million increase in the total expenditure authorized pursuant to the Company's program to repurchase shares of the Company’s common stock from time to time on the open market or in privately negotiated purchases (the “Share Repurchase Program”)."
REG,0000910606,2023-02-10,0000950170-23-002408,reg-ex99_1.htm,2.02 7.01 9.01,True,,"On February 8, 2023, following the expiration of the previous program, Regency’s Board of Directors authorized a new share repurchase program."
DVN,0001090012,2023-02-14,0001193125-23-039127,d453066dex991.htm,2.02 9.01,True,2000000000.0,Devon also returned capital to shareholders through the ongoing execution of its $2.0 billion share-repurchase authorization.
TTD,0001671933,2023-02-15,0001157523-23-000284,a53324909.htm,2.02 8.01 9.01,True,700000000.0,"On February 15, 2023 , the Company issued a press release announcing that, on February 12, 2023, the Company’s board of directors authorized and approved a share repurchase program pursuant to which the Company may purchase up to $700 million of its outstanding Class A Common Stock, par value $0.000001 per share (the “Class A Common Stock”)."
CEG,0001868275,2023-02-16,0001868275-23-000012,ceg-20230216991.htm,2.02 7.01 9.01,True,1000000000.0,"In our commitment to return value to shareholders, we are also authorizing $1 billion in share buybacks."
DASH,0001792789,2023-02-16,0001628280-23-003889,dash-20230213.htm,2.02 5.02 7.01 8.01 9.01,True,750000000.0,"On February 16, 2023, DoorDash announced the authorization of a share repurchase program for the repurchase of shares of its Class A common stock, in an aggregate amount of up to $750 million."
EPAM,0001352010,2023-02-16,0001352010-23-000006,epam-20230216.htm,2.02 8.01 9.01,True,500000000.0,"On February 16, 2023, EPAM issued a press release including the announcement that its Board of Directors approved a common stock repurchase program, authorizing EPAM to repurchase up to $500 million of EPAM Systems, Inc. common stock."
LH,0000920148,2023-02-16,0000920148-23-000012,former2162023ex991forq42022.htm,2.02 9.01,True,1000000000.0,Additional $1.0 billion share repurchase authorization approved by the Board of Directors
WST,0000105770,2023-02-16,0000105770-23-000004,wst-20230215.htm,2.02 7.01 8.01 9.01,True,1000000000.0,"On February 15, 2023, the Board of Directors approved a share repurchase program under which we may repurchase up to $1.0 billion in shares of common stock."
CFG,0000759944,2023-02-17,0000759944-23-000028,sharerepurchasepressrelease.htm,7.01 9.01,False,1150000000.0,"Announces $1.15 billion Increase in Share Repurchase Authorization PROVIDENCE, R.I. – Citizens Financial Group, Inc."
EXE,0000895126,2023-02-21,0000895126-23-000018,chk-ex_991x20221231x8kxpr.htm,2.02 7.01 8.01 9.01,True,1100000000.0,Simplified capital structure with exchange of approximately two-thirds of outstanding warrants and completed approximately $1.1 billion of authorized $2.0 billion share repurchase program
TJX,0000109198,2023-02-22,0001157523-23-000327,a53335348ex99_1.htm,2.02 9.01,True,,The new stock repurchase program marks the 23 rd program approved by the Board since 1997.
PWR,0001050915,2023-02-23,0001193125-23-045600,d440666dex991.htm,2.02 7.01 9.01,True,345100000.0,Quanta currently has authorization under its existing stock repurchase program to acquire an additional $345.1 million of its common stock.
OXY,0000797468,2023-02-27,0000797468-23-000009,oxyex99112-31x2022earnings.htm,7.01 9.01,False,3000000000.0,Announced enhanced shareholder return framework including a new $3.0 billion share repurchase authorization and 38% increase to common dividend
CRM,0001108524,2023-03-01,0001108524-23-000007,crm-20230301.htm,2.02 7.01 9.01,True,10000000000.0,"On March 1, 2023, the Company announced an increase of $10.0 billion in the amount authorized for repurchases under the Share Repurchase Program."
P,0001474432,2023-03-01,0001628280-23-005828,pstg-20230301.htm,2.02 8.01 9.01,True,250000000.0,"Pure’s board of directors has authorized, and its audit committee has approved, incremental share repurchases of up to an additional $250 million under its stock repurchase program."
SNOW,0001640147,2023-03-01,0001640147-23-000004,fy2023q4earnings.htm,2.02 9.01,True,2000000000.0,"Authorized a $2.0 billion stock repurchase program No-Headquarters/BOZEMAN, Mont. - March 1, 2023 - Snowflake (NYSE: SNOW), the Data Cloud company, today announced financial results for its fourth quarter and full-year of fiscal 2023, ended January 31, 2023."
VST,0001692819,2023-03-07,0001193125-23-062837,d445413dex991.htm,1.01 8.01 9.01,False,1000000000.0,"On March 5, 2023, Vistras board authorized an additional $1 billion of share repurchases, effective immediately."
WSM,0000719955,2023-03-16,0001628280-23-008202,wsm-20230316.htm,2.02 8.01 9.01,True,1000000000.0,"F Y22 GAAP diluted EPS of $16.32; non-GAAP diluted EPS of $16.54 . 99.2 Press Release dated March 16, 2023 titled Williams-Sonoma, Inc. announces a 15% quarterly dividend increase and a new $1 billion stock repurchase authorizatio n . 104 Cover Page Interactive Data File (embedded within the Inline XBRL document). 2 SIGNATURES Pursuant to the requirements of the Securities Exchange Act of 1934, th"
FDS,0001013237,2023-03-23,0001013237-23-000034,investordeckmarch2023fin.htm,2.02 7.01 9.01,True,,FactSet Business Use Only Investments (R&D / CapEx) Share Repurchas Dividends Acquisitions Capital Allocation Framework Medium Term Goals Target annual organic investment net ~100 to 150 bps of revenues CapEx goal 2.5% – 3% revenues Target quarterly dividend ~ 25% - 30% of net income Current focus on cash flow neutral tuck-in acquisitions and partnerships Normalized share repurchase (targeting to 
LITE,0001633978,2023-04-06,0001628280-23-010935,lite-20230405.htm,2.02 8.01 9.01,True,,"Description 99.1 Press release entitled “Lumentum Announces Preliminary Financial Results and Reporting Date for Fiscal Third Quarter 2023, and Increased Share Repurchase Program” dated April 5, 2023 104 Cover Page Interactive Data File (formatted as Inline XBRL) Signature Pursuant to the requirements of the Securities Exchange Act of 1934, the Registrant has duly caused this report to be signed o"
TBLA,0001840502,2023-04-17,0001140361-23-018562,brhc20051304_8k.htm,7.01,False,,"(“Taboola” or the “Company”) filed a motion with the Tel Aviv District Court Economic Department (the “Israeli court”) for approval of a program of up to $50,000,000, to be utilized, if so determined by its board of directors, in connection with a net issuance mechanism to satisfy tax withholding obligations related to equity-based compensation on behalf of its directors, officers and other employ"
DHI,0000882184,2023-04-20,0000882184-23-000080,a3312023exhibit991.htm,2.02 9.01,True,1000000000.0,"In April 2023, our Board of Directors authorized the repurchase of up to $1.0 billion of our common stock, replacing the previous authorization."
IRDM,0001418819,2023-04-20,0001628280-23-012129,pressreleaseq12023.htm,2.02 9.01,True,600000000.0,"Net leverage of between 2.5 and 3.5 times OEBITDA at the end of 2023, assuming the completion of the Company’s total $600.0 million share repurchase authorization and the payment of four quarters of dividends."
PHM,0000822416,2023-04-25,0000822416-23-000014,ex991earningspr03312023.htm,2.02 8.01 9.01,True,1000000000.0,"Company Increases Share Repurchase Authorization by $1.0 Billion ATLANTA – April 25, 2023 - PulteGroup, Inc."
SYF,0001601712,2023-04-25,0001601712-23-000127,syf-20230425.htm,7.01 9.01,False,1000000000.0,"On April 25, 2023, Synchrony Financial (the “Company”) announced that its Board of Directors has approved an incremental share repurchase program of up to $1.0 billion, commencing this quarter through June 30, 2024, and intends to increase the quarterly cash dividend from $0.23 to $0.25 per share of common stock, commencing in the third quarter of 2023."
MPC,0001510295,2023-05-02,0001510295-23-000045,mpcq12023earningsrelease.htm,2.02 9.01,True,5000000000.0,"Announced additional $5 billion share repurchase authorization FINDLAY, Ohio, May 2, 2023 – Marathon Petroleum Corp."
MTCH,0000891103,2023-05-02,0000891103-23-000044,mtch-20230428.htm,2.01 7.01 8.01 9.01,False,1000000000.0,"On April 28, 2023, the Board of Directors of Match Group approved a new program for the repurchase of up to $1.0 billion in aggregate value of shares of Match Group common stock (the “New Share Repurchase Program”)."
BLDR,0001316835,2023-05-03,0000950170-23-016874,bldr-ex99_1.htm,2.02 8.01 9.01,True,1000000000.0,"In April, the Board of Directors approved a share repurchase authorization in the amount of $1 billion of the Company's common shares. 3 Operational Excellence Productivity"
ATI,0001018963,2023-05-04,0001628280-23-015453,ati-20230504.htm,2.02 8.01 9.01,True,75000000.0,"Item 8.01 Other Events On April 28, 2023, the Company's Board of Directors approved a program for the repurchase of up to $75 million of the Company's outstanding common stock."
FTNT,0001262039,2023-05-04,0001262039-23-000013,ftntq1-2023ex991.htm,2.02 9.01,True,1000000000.0,"Share Repurchase Program: In April 2023, Fortinet’s board of directors authorized a $1.0 billion increase in the authorized stock repurchase under our share repurchase program."
POOL,0000945841,2023-05-04,0000945841-23-000080,pool-20230504.htm,5.07 7.01 9.01,False,,"(d) Exhibits 99.1 Press release issued by Pool Corporation on May 4, 2023, announcing additional authorization under the share repurchase program, the declaration of an increased quarterly cash dividend and the voting results of its annual meeting. 104 Cover Page Interactive Data File (embedded within the Inline XBRL document) SIGNATURE Pursuant to the requirements of the Securities Exchange Act o"
TRGP,0001389170,2023-05-04,0000950170-23-017422,trgp-20230504.htm,2.02 7.01 8.01 9.01,True,1000000000.0,"On May 3, 2023, the Board of Directors of the Company authorized a new share repurchase program (the “2023 Share Repurchase Program”) for the repurchase of up to $1.0 billion of the Company’s outstanding common stock."
DXCM,0001093557,2023-05-05,0001193125-23-137248,d300995dex41.htm,1.01 2.03 3.02 8.01 9.01,False,,"The following increases or decreases in this Global Security have been made: Date of Exchange, Repurchase or Conversion Amount of Decrease in Principal Amount of this Global Security Amount of Increase in Principal Amount of this Global Security Principal Amount of this Global Security Following Such Decrease or Increase Signature of Authorized Signatory of Securities Custodian 15"
DVN,0001090012,2023-05-08,0001193125-23-138262,d263170dex991.htm,2.02 9.01,True,1000000000.0,"This success showcases the durability of our business model to consistently create value through the cycle. With this free cash flow generation, we have been able to return more than $1 billion of capital to shareholders in 2023 through our differentiated dividend policy and the acceleration of our share repurchase program. Furthermore, given the substantial progress we have made with our buybac"
ABNB,0001559720,2023-05-09,0001193125-23-139392,d453262dex991.htm,2.02 9.01,True,2500000000.0,Were announcing today that our Board of Directors approved a new share repurchase authorization of up to $2.5 billion of our Class A common stock.
TBLA,0001840502,2023-05-10,0001140361-23-023785,brhc20052396_ex99-1.htm,2.02 7.01 9.01,True,40000000.0,"Authorization to Buyback Ordinary Shares On May 9, 2023, the Company's Board of Directors authorized the buyback of up to $40 million of the Company’s ordina ry shares."
RVTY,0000031791,2023-05-11,0001157523-23-000815,a53397725ex99_1.htm,2.02 9.01,True,600000000.0,"Adjusted EPS from continuing operations of $1.01 Updates full year 2023 guidance Authorizes new $600 million share repurchase program To begin trading under new ticker “RVTY” on May 16 th WALTHAM, Mass.--(BUSINESS WIRE)--May 11, 2023--Revvity, Inc."
LYB,0001489393,2023-05-12,0001489393-23-000028,lyb-20230512_d2.htm,8.01 9.01,False,,"For additional information related to our share repurchase authorizations, see Note 18 to the Consolidated Financial Statements."
NOW,0001373715,2023-05-16,0001373715-23-000220,now-20230516.htm,7.01 8.01 9.01,False,1500000000.0,The ServiceNow Board has authorized a program to repurchase up to $1.5 billion of the Company’s common stock.
LYB,0001489393,2023-05-19,0001489393-23-000032,lyb-20230519.htm,5.07 8.01,False,,"As discussed under Item 5.07 above, at the Annual Meeting, the Company’s shareholders approved a new share repurchase program authorizing the Company to repurchase up to 10% of the Company’s issued share capital as of the date of the Annual Meeting, or 34,042,250 shares, until November 19, 2024."
ORLY,0000898173,2023-05-23,0000898173-23-000031,orly-20230518x8k.htm,5.02 5.07 8.01,False,,"The share repurchase program may be increased or otherwise modified, renewed, suspended, or terminated by the Company at any time, without prior notice. ​ ​ ​ ​ ​ ​ ​ ​ ​ SIGNATURES Pursuant to the requirements of the Securities Exchange Act of 1934, as amended, the registrant has duly caused this report to be signed on its behalf by the undersigned hereunto duly authorized. ​ ​ ​ ​ Date: May 23, "
MET,0001099219,2023-05-25,0001193125-23-153472,d459413dex991.htm,7.01 8.01 9.01,False,4000000000.0,FURTHER INCREASES SHARE REPURCHASE AUTHORIZATION TO $4 BILLION  Agreement with Global Atlantic to reinsure approximately $19.2 billion of U.S. retail life insurance and fixed annuity statutory reserves  MetLife Board of Directors approves a further increase in share repurchase authorization to $4 billion  Transaction demonstrates MetLifes focus on risk management and on deploying capital to it
PWR,0001050915,2023-05-30,0001193125-23-156591,d300399d8k.htm,5.07 8.01 9.01,False,,"On May 24, 2023, the Company issued a press release announcing that the Board authorized a new stock repurchase program."
TBLA,0001840502,2023-05-30,0001140361-23-027251,brhc20053706_8k.htm,7.01,False,,"O n May 10, 2023, the Company’s Board of Directors authorized a share repurchase program of up to $40,000,000."
NTAP,0001002047,2023-05-31,0000950170-23-025324,ntap-ex99_1.htm,1.01 2.02 8.01 9.01,True,1000000000.0,"NetApp announced a new share repurchase authorization of an additional $1 billion SAN JOSE, Calif.—May 31, 2023— NetApp (NASDAQ: NTAP) today reported financial results for the fourth quarter and fiscal year 2023, which ended on April 28, 2023."
NRG,0001013871,2023-06-01,0001104659-23-067085,tm2317549d1_ex99-1.htm,1.01 7.01 9.01,False,650000000.0,"Share Repurchase Update On May 31, 2023, the NRG Board of Directors authorized $650 million in share repurchases to be initiated following the closing of the STP sale."
CAH,0000721371,2023-06-08,0000721371-23-000035,a202306088-kfilingex991.htm,7.01 9.01,False,3500000000.0,"Board of Directors approved new $3.5B share repurchase authorization expiring December 31, 2027; company plans to execute at least $2.0B of share repurchases over the next three years"
AZO,0000866787,2023-06-14,0001171843-23-003924,f8k_061323.htm,8.01 9.01,False,2000000000.0,(the “Company”) issued a press release announcing that the Board of Directors has authorized the repurchase of an additional $2.0 billion of the Company’s common stock in connection with its ongoing share repurchase program.
FDS,0001013237,2023-06-22,0001013237-23-000065,investordeckjunefy2023.htm,2.02 7.01 9.01,True,,FactSet Business Use Only Investments (R&D / CapEx) Share Repurchas Dividends Acquisitions Capital Allocation Framework Medium Term Goals Target annual organic investment net ~100 to 150 bps of revenues CapEx goal 2.5% – 3% revenues Target quarterly dividend ~ 25% - 30% of net income Current focus on cash flow neutral tuck-in acquisitions and partnerships Normalized share repurchase program with e
MS,0000895421,2023-06-30,0000950103-23-009776,dp196201_ex9901.htm,8.01 9.01,False,20000000000.0,"EX-99.1 2 dp196201_ex9901.htm EXHIBIT 99.1 Exhibit 99.1 Morgan Stanley FOR IMMEDIATE RELEASE June 30, 2023 Morgan Stanley Announces 7.5 Cents Dividend Increase and Authorization of a Renewed $20 Billion Multi-Year Common Equity Share Repurchase Program NEW YORK - Morgan Stanley (NYSE: MS) announced that it will increase its quarterly common stock dividend to $0.85 per share from the current $0.775"
SYF,0001601712,2023-07-18,0001601712-23-000199,earningsrelease2q23-reform.htm,2.02 9.01,True,1000000000.0,"“Continuing our commitment to robust capital returns, we announced an incremental $1 billion share repurchase authorization through June of 2024, and a 9% increase in our common stock dividend."
IRDM,0001418819,2023-07-25,0001628280-23-025519,pressreleaseq22023.htm,2.02 9.01,True,600000000.0,"Net leverage of between 2.5 and 3.5 times OEBITDA at the end of 2023, assuming the completion of the Company’s total $600.0 million share repurchase authorization and the payment of four quarters of dividends."
AMP,0000820027,2023-07-26,0000820027-23-000074,q22023er.htm,2.02 9.01,True,3500000000.0,"In addition, the company announced a new share repurchase authorization of $3.5 billion through September 30, 2025."
CMG,0001058090,2023-07-26,0001058090-23-000026,cmg-20230726x8k.htm,2.02 8.01 9.01,True,100000000.0,"On July 26, 2023, we announced that our Board of Directors has authorized repurchases of common stock with a total aggregate purchase price of $100 million, exclusive of commissions."
ODFL,0000878927,2023-07-26,0000950170-23-034576,odfl-ex99_1.htm,2.02 9.01,True,3000000000.0,Share Repurchase Authorization The Company’s Board of Directors approved a new share repurchase program that authorizes Old Dominion to repurchase up to $3.0 billion of its outstanding stock.
ENPH,0001463101,2023-07-27,0001463101-23-000138,enph-20230727.htm,2.02 8.01 9.01,True,1000000000.0,"Share Repurchase Program On July 27, 2023 , the Company also announced that its Board of Directors authorized the repurchase of up to an aggregate of $1.0 billion of the Company's common stock."
FCFS,0000840489,2023-07-27,0000840489-23-000076,fcfs-20230727.htm,2.01 8.01 9.01,False,200000000.0,"(the “Company”) issued a press release announcing its financial results for the three and six month periods ended June 30, 2023 and the Board of Directors’ declaration of a third quarter cash dividend of $0.35 per common share and the Board of Directors’ authorization of $200 million of share repurchases (the “Earnings Release”)."
IRDM,0001418819,2023-07-27,0001418819-23-000022,sharerepurchasepr.htm,7.01 9.01,False,400000000.0,EX-99 2 sharerepurchasepr.htm EX-99.1 Document Investor Contact: Media Contact: Kenneth Levy Iridium Communications Inc. +1 (703) 287-7570 ken.levy@iridium.com Jordan Hassin Iridium Communications Inc. +1 (703) 287-7421 jordan.hassin@iridium.com Iridium Board of Directors Approves Additional $400 Million Share Repurchase Program;
TXT,0000217346,2023-07-27,0000217346-23-000022,q2238-kex991.htm,2.02 9.01,True,,"Share Repurchase Program On July 24, 2023, Textron’s Board of Directors approved a new authorization for the repurchase of up to 35 million shares, under which the company intends to purchase shares to offset the impact of dilution from stock-based compensation and benefit plans and for opportunistic capital management purposes."
MCK,0000927653,2023-08-02,0000927653-23-000060,mck_exhibit991x6302023.htm,2.02 9.01,True,6000000000.0,"On July 21, 2023, the Board of Directors: ◦ Declared a 15% increase to its quarterly dividend from $0.54 per share to $0.62 per share. ◦ Approved the company to repurchase up to an additional $6.0 billion of its common shares to a total authorization of $8.9 billion as of July 2023, in a manner and timing deemed in the best interest of the company and its stockholders, considering factors such as "
CDNS,0000813672,2023-08-03,0000813672-23-000043,cdns-20230802.htm,8.01,False,1000000000.0,(the “Company”) approved the repurchase of up to an additional $1 billion of the Company’s common stock under its existing share repurchase program.
FLEX,0000866374,2023-08-07,0000866374-23-000060,flex-20230802.htm,5.02 5.07 8.01,False,2000000000.0,"The Company announced that it has received shareholder approval to purchase up to 20% of the Company’s issued and outstanding Ordinary Shares, and the Company’s Board of Directors has authorized management to continue its share repurchase plan for the Company’s issued Ordinary Shares in an aggregate amount not to exceed $2 billion."
PLTR,0001321655,2023-08-07,0001321655-23-000086,a2023q2ex991pressrelease.htm,2.02 7.01 9.01,True,1000000000.0,Share Repurchase Program Our Board of Directors has authorized a stock repurchase program of up to $1.0 billion of our outstanding Class A common stock.
FOX,0001754301,2023-08-08,0001193125-23-205604,d497361dex991.htm,2.02 9.01,True,7000000000.0,SHARE REPURCHASE PROGRAM The Company has authorized a $7 billion stock repurchase program.
NRG,0001013871,2023-08-08,0001013871-23-000015,nrgq22023ex991.htm,2.02 9.01,True,2700000000.0,"As part of the revised capital allocation framework, the Board of Directors approved an increase in its share repurchase authorization to $2.7 billion to be executed through 2025."
CPAY,0001175454,2023-08-15,0001628280-23-029483,flt-20230815.htm,8.01 9.01,False,450000000.0,The Company also executed an accelerated share repurchase (“ASR”) agreement to repurchase $450 million of its outstanding common stock under its current share repurchase authorization.
HD,0000354950,2023-08-15,0000354950-23-000180,hd_exhibit991x7302023.htm,2.02 9.01,True,15000000000.0,"Announces $15 Billion Share Repurchase Authorization ATLANTA, August 15, 2023 -- The Home Depot ® , the world's largest home improvement retailer, today reported sales of $42.9 billion for the second quarter of fiscal 2023, a decrease of 2.0% from the second quarter of fiscal 2022."
NVDA,0001045810,2023-08-23,0001045810-23-000171,q2fy24cfocommentary.htm,2.02 9.01,True,25000000000.0,"On August 21, 2023, our Board of Directors approved an increase to our share repurchase program of an additional $25.00 billion, without expiration."
INTU,0000896878,2023-08-24,0000896878-23-000031,fy23q4earningspressrelease.htm,2.02 8.01 9.01,True,2300000000.0,"The Board approved a new $2.3 billion repurchase authorization, giving the company a total authorization of $3.8 billion to repurchase shares."
KLAC,0000319201,2023-09-06,0001193125-23-229585,d846497d8k.htm,8.01 9.01,False,2000000000.0,"Also, on September 2, 2023, the Board approved a new share repurchase program that authorizes the repurchase of up to $2 billion of shares of the Company’s common stock."
DOCU,0001261333,2023-09-07,0001261333-23-000078,q224ex-991er.htm,2.02 9.01,True,300000000.0,Increase to Stock Repurchase Program ◦ DocuSign's board of directors has authorized an increase of $300 million to its existing stock repurchase program for a total aggregate amount of up to $500 million of DocuSign's outstanding common stock.
FDS,0001013237,2023-09-21,0001013237-23-000094,investordecksepfy2023vfi.htm,2.02 7.01 9.01,True,,FactSet Business Use Only Investments (R&D / CapEx) Share Repurchas Dividends Acquisitions Capital Allocation Framework Medium Term Goals Target annual organic investment net ~100 to 150 bps of revenues CapEx goal 2.5% – 3% revenues Target quarterly dividend ~ 25% - 30% of net income Current focus on cash flow neutral tuck-in acquisitions and partnerships Normalized share repurchase program with e
TBLA,0001840502,2023-09-21,0001140361-23-044683,ef20010971_8k.htm,7.01,False,,"(“Taboola” or the “Company”) filed a motion with the Tel Aviv District Court Economic Department (the “Israeli court”) for approval of a program of up to $50,000,000, to be utilized, if so determined by its board of directors, in connection with a net issuance mechanism to satisfy tax withholding obligations related to equity-based compensation on behalf of its directors, officers and other employ"
JBL,0000898293,2023-09-28,0001193125-23-244751,d508757dex991.htm,2.02 9.01,True,2500000000.0,EX-99.1 2 d508757dex991.htm EX-99.1 EX-99.1 Exhibit 99.1 Jabil Posts Fourth Quarter and Fiscal Year 2023 Results Jabil Increases Current Share Repurchase Authorization to $2.5 billion ST.
BF.B,0000014693,2023-10-02,0000014693-23-000155,bfb-20231002.htm,7.01 8.01,False,400000000.0,"On October 2, 2023, the Board of Directors (the “Board”) of the Company approved a share repurchase program for up to $400 million of the Company’s outstanding Class A and Class B common stock (the “Stock”) commencing on October 2, 2023, through October 1, 2024 (the “Repurchase Program”), subject to market and other conditions."
DELL,0001571996,2023-10-05,0001193125-23-251131,d541426d8k.htm,7.01 8.01 9.01,False,,"During the presentation, the Company’s management expects to discuss, among other matters, the increase to the stock repurchase authorization described in Item 8.01 of this report."
LMT,0000936468,2023-10-17,0000936468-23-000121,ex991q32023.htm,2.02 9.01,True,6000000000.0,Increased share repurchase authority by $6.0 billion to a total authorization of $13.0 billion
LVS,0001300514,2023-10-18,0001300514-23-000090,lvs_ex991x09302023.htm,2.02 9.01,True,2000000000.0,"$2.0 billion Stock Repurchase Authorization Through November 3, 2025 LAS VEGAS, October 18, 2023 - Las Vegas Sands Corp."
RTX,0000101829,2023-10-24,0000101829-23-000034,a2023-10x248xkerexhibit99.htm,2.02 9.01,True,10000000000.0,The RTX board of directors has approved a $10 billion accelerated share repurchase program commencing almost immediately
V,0001403161,2023-10-24,0001403161-23-000092,q42023earningsrelease.htm,2.02 8.01 9.01,True,25000000000.0,"The board of directors increased Visa's quarterly cash dividend 16% to $0.520 per share and authorized a new $25.0B multi-year share repurchase program Income Statement Summary In billions, except percentages and per share data. % change is calculated over the comparable prior-year period."
RTX,0000101829,2023-10-25,0001140361-23-049417,ny20012953x1_8k.htm,1.01 2.03 9.01,False,10000000000.0,"Under the ASR Agreements, the Company will repurchase an aggregate of $10.0 billion of the Company’s common stock (such transaction, the “ASR”) as part of a share repurchase program approved by the Company’s Board of Directors on October 21, 2023."
CMG,0001058090,2023-10-26,0001058090-23-000039,cmg-20231026x8k.htm,2.02 8.01 9.01,True,300000000.0,"On October 26, 2023, we announced that our Board of Directors has authorized repurchases of common stock with a total aggregate purchase price of $300 million, exclusive of commissions."
DXCM,0001093557,2023-10-26,0001093557-23-000218,dxcm-20231024.htm,8.01,False,500000000.0,"On October 24, 2023, our Board of Directors authorized and approved a share repurchase program of up to $500.0 million of our outstanding common stock, par value $0.001 per share (“Common Stock”), with a repurchase period ending no later than October 31, 2024 (the “Share Repurchase Program”)."
KVUE,0001944048,2023-10-26,0001944048-23-000097,q323earningspressrelease.htm,2.02 9.01,True,,"Authorization of Share Repurchase Program Kenvue’s Board of Directors has authorized a share repurchase program, under which Kenvue is authorized to repurchase up to 27 million shares of its outstanding common stock in open market or privately negotiated transactions."
RSG,0001060391,2023-10-26,0001060391-23-000023,exhibit991q32023.htm,2.02 7.01 9.01,True,2719000000.0,"Reports Third Quarter 2023 Results ● Reported Earnings Per Share of $1.52 and Adjusted Earnings Per Share of $1.54 ● Expanded Net Income Margin 100 Basis Points and Adjusted EBITDA Margin 70 Basis Points ● Generated Cash Flow from Operations of $2,719 Million and Adjusted Free Cash Flow of $1,827 Million ● Invested More Than $900 Million in Value-Creating Acquisitions ● Board Authorized $3 Billion"
ALGN,0001097149,2023-10-27,0001097149-23-000078,algn-20231026.htm,1.01 2.03 7.01 9.01,False,250000000.0,"Description 99.1 Press Release of Align Technology, Inc. announcing its $250 million Accelerated Stock Repurchase Program 104 Cover Page Interactive Data File (embedded within the Inline XBRL document) SIGNATURE Pursuant to the requirements of the Securities Exchange Act of 1934, the registrant has duly caused this report to be signed on its behalf by the undersigned hereunto duly authorized."
PSX,0001534701,2023-10-27,0001534701-23-000145,psx-2023930_ex991.htm,2.02 9.01,True,13000000000.0,"Raise shareholder distributions target to a range of $13 billion to $15 billion, supported by $5 billion increase in share repurchase authorization"
MPWR,0001280452,2023-10-30,0001437749-23-029394,mpwr20231026_8k.htm,2.02 8.01 9.01,True,640000000.0,"On October 30, 2023, the Company announced that its Board of Directors has approved a new stock repurchase program of $640 million, which will expire on October 29, 2026."
MPC,0001510295,2023-10-31,0001510295-23-000076,mpcq32023earningsrelease.htm,2.02 9.01,True,5000000000.0,"Announced quarterly dividend increase of approximately 10% to $0.825 per share and additional $5 billion share repurchase authorization FINDLAY, Ohio, Oct. 31, 2023 – Marathon Petroleum Corp."
EXPE,0001324424,2023-11-02,0001324424-23-000058,expe-20231102.htm,2.02 7.01 9.01,True,5000000000.0,"On November 2, 2023, Expedia Group issued a press release announcing that its Board of Directors approved a new share repurchase program authorizing the repurchase of up to $5 billion of Expedia Group's common stock."
NRG,0001013871,2023-11-02,0001013871-23-000020,nrgq32023ex991.htm,2.02 9.01,True,2700000000.0,"As part of the revised capital allocation framework, the Company announced an increase to its share repurchase authorization to $2.7 billion, to be executed through 2025."
STZ,0000016918,2023-11-02,0000016918-23-000199,stz-20231102.htm,7.01 8.01 9.01,False,2000000000.0,"On November 2, 2023, the Company’s Board of Directors authorized the repurchase of up to $2 billion of the Company’s publicly traded common stock."
CBOE,0001374310,2023-11-03,0001558370-23-017499,cboe-20231103xex99d1.htm,2.02 9.01,True,250000000.0,"As announced on October 26, 2023, the company's Board of Directors increased its share repurchase authorization by $250 million."
IT,0000749251,2023-11-03,0000749251-23-000050,it-20231031.htm,2.02 7.01,True,500000000.0,"Share Repurchase Authorization On October 31, 2023, the Company’s Board of Directors authorized incremental share repurchases of up to an additional $500.0 million of Gartner’s common stock."
STLD,0001022671,2023-11-03,0001104659-23-114264,tm2329842d1_8k.htm,8.01 9.01,False,1500000000.0,"Other Events On November 3, 2023, Steel Dynamics, Inc. issued a press release titled “Steel Dynamics Announces Additional $1.5 Billion Share Repurchase Authorization and Fourth Quarter 2023 Cash Dividend.” A copy of that press release is attached hereto as Exhibit 99.1 and incorporated herein by reference."
ALGN,0001097149,2023-11-06,0001097149-23-000087,algn-20231103.htm,7.01 9.01,False,100000000.0,"Announces $100 Million Open Market Repurchase 104 Cover Page Interactive Data File (embedded within the Inline XBRL document) SIGNATURE Pursuant to the requirements of the Securities Exchange Act of 1934, the registrant has duly caused this report to be signed on its behalf by the undersigned hereunto duly authorized."
MGM,0000789570,2023-11-08,0000789570-23-000022,mgmex991q32023earningrelea.htm,2.02 8.01 9.01,True,2000000000.0,"New $2 billion share repurchase program authorized by the Board of Directors Las Vegas, Nevada, November 8, 2023 – MGM Resorts International (NYSE: MGM) (“MGM Resorts” or the “Company”) today reported financial results for the quarter ended September 30, 2023."
MNST,0000865752,2023-11-08,0001104659-23-115781,tm2330253d1_ex99-1.htm,8.01 9.01,False,500000000.0,"(310) 279-5980 MONSTER BEVERAGE BOARD AUTHORIZES NEW $500.0 MILLION SHARE REPURCHASE PROGRAM Corona, CA – November 8, 2023 – Monster Beverage Corporation (NASDAQ:MNST) today announced that its Board of Directors has authorized a new share repurchase program for the repurchase of up to an additional $500.0 million of the Company’s outstanding common stock."
AIZ,0001267238,2023-11-09,0001267238-23-000054,ex9912023dividendsandshare.htm,8.01 9.01,False,600000000.0,"EX-99.1 2 ex9912023dividendsandshare.htm EX-99.1 Document Exhibit 99.1 Assurant Board of Directors Authorizes Additional $600 Million in Share Repurchases and Approves Common Stock Dividend Increase of 3% ATLANTA, November 9, 2023 — Assurant, Inc."
ACM,0000868857,2023-11-13,0001104659-23-117223,tm2330456d1_8k.htm,2.02 5.02 8.01 9.01,True,1000000000.0,"(d) Exhibits 99.1 Press Release, dated November 13, 2023 entitled “AECOM reports fourth quarter and full year fiscal 2023 results” 99.2 Press Release, dated November 13, 2023 entitled “AECOM announces appointment of Derek Kerr to its Board of Directors” 99.3 Press Release, dated November 13, 2023 entitled “AECOM affirms its capital allocation policy, increases share repurchase authorization to $1 "
MSI,0000068505,2023-11-16,0001193125-23-278932,d310967d8k.htm,8.01 9.01,False,2000000000.0,"(the “Company”) issued a press release announcing that its Board of Directors has authorized an increase in its share repurchase program to permit the Company to purchase up to an additional $2.0 billion of its outstanding common shares, bringing the total share repurchase program up to $18 billion, with no expiration date for the program."
ORLY,0000898173,2023-11-16,0000898173-23-000061,orly-20231116x8k.htm,5.02 8.01,False,2000000000.0,"Johnson upon his retirement from the Company in early 2024. ​ Section 8 – Other Events ​ Item 8.01 – Other Events ​ On November 16, 2023, the Board also announced that it approved a resolution to increase the authorization amount under its share repurchase program by an additional $2.0 billion, raising the aggregate authorization under the program to $25.75 billion."
PANW,0001327567,2023-11-17,0001327567-23-000035,panw-20231116.htm,8.01 9.01,False,316700000.0,"On November 16, 2023, the Board of Directors of the Company approved the repurchase of up to an additional $316.7 million of the Company’s common stock."
F,0000037996,2023-11-21,0000037996-23-000087,f-20231120.htm,8.01,False,,The plan authorizes repurchases of up to 51 million shares of Ford Common Stock.
TBLA,0001840502,2023-11-21,0001140361-23-054226,ef20014765_8k.htm,7.01,False,,"On November 7, 2023, the Board authorized up to an additional $40,000,000 of buybacks under the Buyback Program."
KHC,0001637459,2023-11-27,0001193125-23-282971,d907146d8k.htm,8.01,False,3000000000.0,"On November 27, 2023, The Kraft Heinz Company (the “Company”) announced that the Board of Directors of the Company approved a share repurchase program authorizing the Company to repurchase up to $3 billion of the Company’s outstanding shares of common stock through December 26, 2026."
ATI,0001018963,2023-11-29,0001193125-23-285253,d620782d8k.htm,7.01 9.01,False,150000000.0,"Additionally, ATI announced that its Board of Directors authorized the repurchase of up to $150 million of its outstanding common stock."
GM,0001467858,2023-11-29,0001193125-23-284798,d613794d8k.htm,1.01 1.02 2.03 7.01 8.01 9.01,False,10000000000.0,"Under the ASR Agreements, the Company will repurchase an aggregate of $10.0 billion of the Company’s common stock (such transaction, the “ASR”) as part of a share repurchase program approved by the Company’s Board of Directors (the “Board”) on November 27, 2023."
VRT,0001674101,2023-11-29,0000950142-23-002855,eh230424978_8k.htm,7.01 8.01 9.01,False,3000000000.0,"Stock Repurchase Program On November 29, 2023, the Company announced that the Board of Directors of the Company (the “Board”) has approved a stock repurchase program permitting the repurchase of the Company’s shares of Class A common stock in an aggregate amount of up to $3.0 billion until December 31, 2027."
RJF,0000720005,2023-12-05,0000720005-23-000085,rjf-20231130.htm,7.01 8.01 9.01,False,1500000000.0,Item 8.01 Other Events The Press Release also announced that the Board had authorized repurchase of the Company’s shares of common stock (“Common Stock”) in an aggregate amount of up to $1.5 billion.
BF.B,0000014693,2023-12-06,0000014693-23-000162,fy24_q2xeroctober.htm,2.02 9.01,True,400000000.0,The Brown-Forman Board of Directors authorized a $400 million share repurchase program and increased the quarterly cash dividend for the 40th consecutive year.
EW,0001099800,2023-12-07,0001099800-23-000042,ew-20231207.htm,7.01 8.01 9.01,False,1000000000.0,"Share Repurchase Authorization Also on December 7, 2023, in connection with the 2023 Investor Conference, the Company announced that its Board of Directors approved $1 billion of additional share repurchase authorization."
LULU,0001397187,2023-12-07,0001397187-23-000051,lulu-20231129.htm,2.02 8.01 9.01,True,1000000000.0,"On November 29, 2023, the board of directors approved a new stock repurchase program for up to $1 billion of the Company's common shares."
CI,0001739940,2023-12-11,0000950159-23-000317,cigna8k.htm,7.01 9.01,False,10000000000.0,"Share Repurchase On December 10, 2023, the Company issued a press release announcing that the Board of Directors approved an aggregate increase of $10 billion in incremental share repurchase authorization, bringing the Company's total share repurchase authority to $11.3 billion."
PRU,0001137774,2023-12-11,0001193125-23-292641,d653031d8k.htm,8.01,False,,"Emerging growth company ☐ If an emerging growth company, indicate by check mark if the registrant has elected not to use the extended transition period for complying with any new or revised financial accounting standards provided pursuant to Section 13(a) of the Exchange Act. ☐ Item 8.01 Other Events Share Repurchase Authorization Today, Prudential Financial, Inc."
CNC,0001071739,2023-12-12,0001071739-23-000215,cnc-20231212.htm,7.01 8.01 9.01,False,4000000000.0,"ITEM 8.01 OTHER EVENTS On December 12, 2023, the Company announced that the Board of Directors had approved an increase to the existing stock repurchase program for Centene's common stock by $4.0 billion."
FDS,0001013237,2023-12-19,0001013237-23-000193,investordeckdecember2023.htm,2.02 5.07 7.01 9.01,True,,FactSet Business Use Only Investments (R&D / CapEx) Share Repurchas Dividends Acquisitions Capital Allocation Framework Medium Term Goals Target annual organic investment net ~100 to 150 bps of revenues CapEx goal 2.5% – 3% revenues Target quarterly dividend ~ 25% - 30% of net income Current focus on cash flow neutral tuck-in acquisitions and partnerships Normalized share repurchase program with e
AZO,0000866787,2023-12-20,0001171843-23-007646,f8k_122023.htm,5.07 8.01 9.01,False,2000000000.0,(the “Company”) issued a press release announcing that the Board of Directors has authorized the repurchase of an additional $2.0 billion of the Company’s common stock in connection with its ongoing share repurchase program.
JBL,0000898293,2023-12-29,0001193125-23-305726,d693093dex991.htm,7.01 9.01,False,2500000000.0,"As a result, we expect to fully utilize our current $2.5 billion dollar repurchase authorization this fiscal year."
OKE,0001039684,2024-01-18,0001039684-24-000004,oke-20240117.htm,7.01 9.01,False,2000000000.0,"On January 17, 2024, we announced that our board of directors authorized a $2.0 billion share repurchase program."
STT,0000093751,2024-01-19,0000093751-24-000022,exhibit991-4q23earningspre.htm,2.02 7.01 9.01,True,709000000.0,"In 4Q23, State Street returned a total of $709 million of capital to common shareholders, consisting of $500 million of common share repurchases and declared common stock dividends of $209 million (or $0.69 per share) ◦ Announced new common share repurchase authorization of up to $5 billion, with no set expiration date (a) 4Q22 repositioning charges of $70 million represents $50 million related to"
URI,0001067701,2024-01-24,0001067701-24-000009,uri-12312023xex991.htm,2.02 7.01 8.01 9.01,True,1500000000.0,"Together, these authorizations will support the company's plan to repurchase a total of $1.5 billion of common stock in 2024."
CMCSA,0001166691,2024-01-25,0001166691-24-000005,ex991-12312023.htm,2.02 9.01,True,15000000000.0,Increased Share Repurchase Authorization to $15 Billion
FBIN,0001519751,2024-01-30,0001157523-24-000132,a53889076.htm,2.02 8.01 9.01,True,650000000.0,"On January 29, 2024, the Board of Directors authorized the Company to repurchase up to $650 million of shares of the Company’s outstanding common stock on the open market, in privately negotiated transactions or otherwise (including pursuant to a Rule 10b5-1 trading plan, block trades and accelerated share repurchase transactions), which share repurchase authorization will expire on January 29, 20"
HCA,0000860730,2024-01-30,0001193125-24-018748,d734797d8k.htm,2.02 5.02 7.01 8.01 9.01,True,6000000000.0,"On January 30, 2024, the Company announced that its Board of Directors had authorized an additional share repurchase program for up to $6 billion of the Company’s outstanding common stock."
MTCH,0000891103,2024-01-30,0000891103-24-000005,mtch-20240130.htm,2.02 7.01 8.01 9.01,True,1000000000.0,"On January 30, 2024, the Board of Directors of Match Group approved a new program for the repurchase of up to $1.0 billion in aggregate value of shares of Match Group common stock (the “New Share Repurchase Program”)."
PHM,0000822416,2024-01-30,0000822416-24-000003,a01-30x24xsharerepurchasei.htm,2.02 8.01 9.01,True,1500000000.0,"ANNOUNCES $1.5 BILLION INCREASE TO SHARE REPURCHASE AUTHORIZATION ATLANTA – January 30, 2024 – PulteGroup, Inc."
TRMB,0000864749,2024-01-30,0000864749-24-000008,trmb-20240128.htm,5.02 8.01 9.01,False,800000000.0,"On January 28, 2024, the Board of Directors authorized the repurchase of up to $800.0 million in shares of the Company’s common stock, effective immediately."
META,0001326801,2024-02-01,0001326801-24-000010,meta-20240201.htm,2.02 8.01 9.01,True,50000000000.0,"On February 1, 2024, Meta announced an increase of $50 billion in the amount authorized for repurchases under the program."
MO,0000764180,2024-02-01,0000764180-24-000007,mo-20240129.htm,2.02 5.02 7.01 8.01 9.01,True,1000000000.0,"On January 31, 2024, Altria’s Board of Directors (the “Board”) authorized a new $1 billion share repurchase program."
MO,0000764180,2024-02-01,0000764180-24-000009,exhibit991financialstateme.htm,8.01 9.01,False,1000000000.0,"In January 2024, our Board of Directors authorized a new $1.0 billion share repurchase program, which we expect to complete by December 31, 2024."
BMY,0000014272,2024-02-02,0000014272-24-000020,q42023ex991-filing.htm,2.02 7.01 9.01,True,5000000000.0,"With this increase, the company's total outstanding share repurchase authorization is approximately $5 billion."
ACM,0000868857,2024-02-05,0001104659-24-010610,tm245081d1_ex99-1.htm,2.02 9.01,True,1000000000.0,"“As our recently authorized $1 billion share repurchase program demonstrates, we believe there is a substantial value creation opportunity ahead as we execute on our strategy.” Business Segments Americas Revenue in the first quarter was $3.0 billion."
CMG,0001058090,2024-02-06,0001058090-24-000006,cmg-20240206x8k.htm,2.02 8.01 9.01,True,200000000.0,"On February 06, 2024, we announced that our Board of Directors has authorized repurchases of common stock with a total aggregate purchase price of $200 million, exclusive of commissions."
DD,0001666700,2024-02-06,0001666700-24-000005,dd-20240206.htm,2.02 7.01,True,1000000000.0,"As part of its press release announcing results for the fourth quarter and full year 2023, attached as Exhibit 99.1, and incorporated herein by reference, the Company announced the declaration of a first quarter 2024 dividend of $0.38 per share, which represents a six percent increase over its first quarter 2023 dividend as well as the Board approval of a $1 billion accelerated share repurchase pr"
FTNT,0001262039,2024-02-06,0001262039-24-000006,ftntq4-2023ex991.htm,2.02 9.01,True,500000000.0,"In January 2024, Fortinet’s board of directors authorized a $500.0 million increase in the authorized share repurchase amount under our share repurchase program."
CDW,0001402057,2024-02-07,0001402057-24-000002,cdw-20240207.htm,2.02 8.01 9.01,True,750000000.0,"Share Repurchase Program The Company’s Board of Directors authorized a $750 million increase to the Company’s share repurchase program under which the Company may repurchase shares of its common stock in the open market or through privately negotiated or other transactions, depending on share price, market conditions and other factors."
CPAY,0001175454,2024-02-07,0001628280-24-003716,ex991q4_2023.htm,2.02 7.01 9.01,True,800000000.0,"Increased Revolver Capacity, $800 Million of Share Repurchases and Upsize of Share Repurchase Authorization: On January 31, 2024, the Company closed on an amendment to its pro rata Term Loan A and Revolver A Credit Facility."
DIS,0001744489,2024-02-07,0001744489-24-000079,dis-20240207.htm,2.02 8.01 9.01,True,,"The Board of Directors of the Company approved a new program, effective February 7, 2024, for the repurchase of shares of the Company’s common stock in the amount of up to 400 million shares (the “Share Repurchase Program”)."
KMT,0000055242,2024-02-07,0000055242-24-000005,kmt-20240202.htm,2.02 8.01 9.01,True,200000000.0,"On February 2, 2024, the Board of Directors of the Company approved a new share repurchase program authorizing the Company to purchase up to $200 million of the Company’s common stock over a three-year period."
APO,0001858681,2024-02-08,0001858681-24-000005,agmearningsrelease4q2023.htm,2.02 7.01 9.01,True,3000000000.0,"On February 8, 2024, the AGM board of directors terminated the Company’s prior share repurchase program and approved a new share repurchase program, pursuant to which, the Company is authorized to repurchase up to $3.0 billion of shares of its common stock."
MSI,0000068505,2024-02-08,0000068505-24-000004,msiq42023pressrelease.htm,2.02 9.01,True,2000000000.0,Announced $2.0 billion increase to the share repurchase authorization
SPG,0001063761,2024-02-08,0001104659-24-012303,tm245620d1_8k.htm,8.01 9.01,False,,(NYSE: SPG) issued a press release announcing that the Company’s Board of Directors authorized a new common stock repurchase program.
PFG,0001126328,2024-02-12,0001104659-24-014640,tm245919d1_ex99.htm,2.02 9.01,True,1500000000.0,"EX-99 2 tm245919d1_ex99.htm EXHIBIT 99 Exhibit 99 Release: On receipt, Feb. 12, 2024 Media Contact: Jane Slusark, 515-362-0482, slusark.jane@principal.com Investor Contact: Humphrey Lee, 877-909-1105, lee.humphrey@principal.com Principal Financial Group ® Announces Full Year and Fourth Quarter 2023 Results as well as 2024 Outlook Raises first quarter 2024 common stock dividend and announces new $1"
ABNB,0001559720,2024-02-13,0001193125-24-033706,d646462dex991.htm,2.02 9.01,True,6000000000.0,Capital Allocation Were announcing today that our Board of Directors has approved a share repurchase program with authorization to purchase up to $6 billion of our Class A common stock at managements discretion.
GPN,0001123360,2024-02-14,0001123360-24-000002,exhibit99120231231.htm,2.02 9.01,True,2000000000.0,The Board of Directors also approved an increase in the company's share repurchase authorization capacity to $2 billion.
UBER,0001543151,2024-02-14,0001552781-24-000039,e24041_uber-8k.htm,7.01 9.01,False,,"(the “Company”) authorized the repurchase of up to $7,000,000,000 in shares of the Company’s outstanding common stock."
DASH,0001792789,2024-02-15,0001628280-24-005043,dash-20240215.htm,2.02 7.01 8.01 9.01,True,1100000000.0,"On February 15, 2024, DoorDash announced the authorization of a share repurchase program for the repurchase of shares of its Class A common stock, in an aggregate amount of up to $1.1 billion."
TOST,0001650164,2024-02-15,0001650164-24-000069,tost-20240215.htm,2.02 2.05 8.01 9.01,True,250000000.0,"Item 8.01 Other Events On February 13, 2024, the Board approved the authorization of a share repurchase program for the repurchase of shares of the Company’s Class A common stock, par value $0.000001 per share (the “Class A Common Stock”), in an aggregate amount of up to $250 million."
TTD,0001671933,2024-02-15,0001157523-24-000260,a53896722.htm,2.02 8.01 9.01,True,647000000.0,"On February 15, 2024 , the Company issued a press release announcing that, on February 8, 2024, the Company’s board of directors authorized and approved an additional $647 million under its share repurchase program pursuant to which the Company may purchase its outstanding Class A Common Stock, par value $0.000001 per share (the “Class A Common Stock”), bringing the total amount for future repurch"
GRMN,0001121788,2024-02-21,0000950170-24-017560,grmn-ex99_1.htm,2.02 9.01,True,,"Dividend Recommendation and New Share Repurchase Program: The Board of Directors intends to recommend to the shareholders for approval at the annual meeting to be held on June 7, 2024, a cash dividend in the amount of $3.00 per share, payable in four equal installments on dates to be determined by the Board."
VRSK,0001442145,2024-02-21,0001437749-24-004938,ex_584024.htm,2.02 9.01,True,1000000000.0,"On February 14, 2024, our Board of Directors approved an additional $1.0 billion share repurchase authorization."
BLDR,0001316835,2024-02-22,0000950170-24-018404,bldr-ex99_2.htm,2.02 8.01 9.01,True,,"“The Board’s increased share repurchase authorization reflects our strong conviction in the Company’s strategy, operating model, and ability to generate robust free cash flow,” said Paul S."
PWR,0001050915,2024-02-22,0001193125-24-042070,d743849dex991.htm,2.02 7.01 9.01,True,499700000.0,Quanta also currently has authorization under its existing stock repurchase program to acquire an additional $499.7 million of its common stock.
WDAY,0001327811,2024-02-26,0001327811-24-000031,wday-20240226.htm,2.02 8.01 9.01,True,500000000.0,"Section 8 – Other Events Item 8.01 – Other Events On February 26, 2024, Workday announced that its Board of Directors authorized the repurchase of up to $500 million of Workday’s outstanding shares of Class A common stock (the “2024 Share Repurchase Program”)."
ZM,0001585521,2024-02-26,0001585521-24-000025,zm-20240226ex991.htm,2.02 9.01,True,1500000000.0,"Authorization to repurchase up to $1.5 billion of Zoom’s Class A common stock San Jose, California – February 26, 2024 – Zoom Video Communications, Inc."
CRM,0001108524,2024-02-28,0001108524-24-000002,crm-20240228.htm,2.02 8.01 9.01,True,10000000000.0,"On February 28, 2024, the Company announced an increase of $10.0 billion in the amount authorized for repurchases under the Share Repurchase Program."
P,0001474432,2024-02-28,0001628280-24-007577,pstg-20240228.htm,2.02 8.01 9.01,True,250000000.0,Pure’s Audit & Risk Committee has approved incremental share repurchases of up to an additional $250 million under its stock repurchase program.
TJX,0000109198,2024-02-28,0000109198-24-000010,tjxq4fy24earningspressrele.htm,2.02 9.01,True,,The new stock repurchase program marks the 24 th program approved by the Board since 1997.
VTRS,0001792044,2024-02-28,0001792044-24-000004,exhibit991-4q23earningsrel.htm,2.02 8.01 9.01,True,1000000000.0,"Board of Directors Increases Share Repurchase Authorization by Additional $1 Billion, Bringing Total Authorization to $2 Billion"
EXLS,0001297989,2024-02-29,0001297989-24-000002,exlq42023pressrelease.htm,2.02 9.01,True,500000000.0,"“Our Board of Directors authorized a $500 million common stock repurchase program, effective March 1, 2024, for a two-year period, in line with our capital allocation strategy."
ROST,0000745732,2024-03-05,0000745732-24-000006,q4fy23exhibit991.htm,2.02 9.01,True,,"EX-99.1 2 q4fy23exhibit991.htm EX-99.1 Document Exhibit 99.1 __________________________________________________________________ FOR IMMEDIATE RELEASE Contact: Adam Orvos Connie Kao Executive Vice President, Group Vice President, Investor Relations Chief Financial Officer (925) 965-4668 (925) 965-4550 connie.kao@ros.com ROSS STORES REPORTS RESULTS FOR FOURTH QUARTER AND FISCAL 2023 ANNOUNCES NEW TW"
GE,0000040545,2024-03-07,0000040545-24-000056,ge-20240307.htm,8.01,False,15000000000.0,"On March 7, 2024, General Electric Company (“GE” or the “Company”) announced in connection with the 2024 GE Aerospace Investor Day presentation that the Company’s Board of Directors (the “Board”) has provided a new authorization for up to $15 billion of common share repurchases."
MRVL,0001835632,2024-03-07,0001835632-24-000005,mrvl-20240304.htm,8.01 9.01,False,3000000000.0,"The Board of Directors of Marvell Technology, Inc. authorized a $3 billion addition to the balance of its existing stock repurchase program."
ADM,0000007084,2024-03-12,0000007084-24-000010,adm-ex991_20231231xq4.htm,2.02 9.01,True,2000000000.0,Share Repurchase Authorization ADM also announced the Company’s Board has authorized management to repurchase an additional $2 billion of the Company’s shares under ADM’s existing 200 million share repurchase program that runs through 2024.
WSM,0000719955,2024-03-13,0001628280-24-010801,wsm-20240313.htm,2.02 8.01 9.01,True,1000000000.0,"Quarterly dividend increase of 26%; n ew stock repurchase authorization of $1 billion . 99.2 Press Release dated March 1 3 , 202 4 titled Williams-Sonoma, Inc. announces a 26 % quarterly dividend increase and a new $1 billion stock repurchase authorization. 104 Cover Page Interactive Data File (embedded within the Inline XBRL document). 2 SIGNATURES Pursuant to the requirements of the Securities E"
ADBE,0000796343,2024-03-14,0000796343-24-000057,adbe-20240314.htm,2.02 8.01 9.01,True,25000000000.0,"On March 14, 2024, Adobe announced that our Board of Directors approved a new stock repurchase program granting Adobe authority to repurchase up to $25 billion in common stock through March 14, 2028."
ULTA,0001403568,2024-03-14,0001558370-24-003233,ulta-20240314xex99d1.htm,2.02 9.01,True,2000000000.0,"On March 12, 2024, the Company’s board of directors approved a new share repurchase authorization of $2.0 billion, which replaces the prior authorization implemented in March 2022."
SRTA,0001779128,2024-03-20,0001779128-24-000040,blde-20240320.htm,8.01 9.01,False,20000000.0,"On March 20, 2024, the Company announced that its board of directors (the “Board”) approved a share repurchase program (the “Share Repurchase Program”) pursuant to which the Company is authorized to repurchase up to $20.0 million shares of the Company's Class A common stock."
DRI,0000940944,2024-03-21,0000940944-24-000011,dri-20240321.htm,2.02 9.01,True,1000000000.0,Authorizes New $1 Billion Share Repurchase Program;
FDX,0001048911,2024-03-21,0000950170-24-034726,fdx-ex99_1.htm,2.02 9.01,True,500000000.0,"Up 16% on an Adjusted Basis Reduces Capital Spending Forecast Plans Additional $500 Million Share Repurchase in Fourth Quarter Board of Directors Authorizes New $5 Billion Share Repurchase Program Narrows Full-Year Earnings Outlook Range MEMPHIS, Tenn., March 21, 2024 ..."
BNY,0001390777,2024-04-16,0001390777-24-000061,ex991_earningsreleasex1q24.htm,2.02 7.01 9.01,True,6000000000.0,Board of Directors authorized a new common share repurchase program of $6 billion $1.25 EPS $1.29 (a) Adj.
PPG,0000079879,2024-04-18,0000079879-24-000095,exhibit99-april182024press.htm,8.01 9.01,False,2500000000.0,"EX-99 2 exhibit99-april182024press.htm EX-99 Document Exhibit 99 News PPG Media Contact: Mark Silvey Corporate Communications silvey@ppg.com PPG Investor Contact: Jonathan Edwards Investor Relations +1-412-434-3466 jonathanedwards@ppg.com investor.ppg.com PPG Board of Directors authorizes $2.5 billion share repurchase program PITTSBURGH, April 18, 2024 – PPG (NYSE:PPG) today announced that its boa"
CLF,0000764065,2024-04-22,0000764065-24-000105,clf-20243318xkex991.htm,2.02 9.01,True,1500000000.0,"Following the completion of the program, the Cliffs Board of Directors has authorized a new share repurchase program for the Company to buy back up to $1.5 billion of its outstanding common shares."
GE,0000040545,2024-04-23,0000040545-24-000112,ge1q2024earningsrelease.htm,2.02 9.01,True,10000000000.0,"Hosted Investor Day outlining the company's strategy to define flight today, tomorrow and for the future; its financial outlook targeting $10 billion in operating profit* by 2028; and its capital allocation framework, authorizing a $15 billion share buy-back program and raising its dividend, initiated in April at a 250% increase."
APH,0000820313,2024-04-24,0001558370-24-005534,aph-20240424x8k.htm,2.02 8.01 9.01,True,2000000000.0,"Other Events. ​ On April 24, 2024, the Company announced that its Board of Directors authorized a new three-year open market stock repurchase plan (the “2024 Stock Repurchase Program”) for the purchase, beginning April 29, 2024, of up to $2.0 billion of the Company’s common stock."
SYF,0001601712,2024-04-24,0001601712-24-000159,earningsrelease1q24-reform.htm,2.02 9.01,True,1000000000.0,"Board Approved $1.0 Billion of Incremental Share Repurchase Authorization STAMFORD, Conn. – Synchrony Financial (NYSE: SYF) today announced first quarter 2024 net earnings of $1.3 billion, or $3.14 per diluted share, compared to $601 million, or $1.35 per diluted share in the first quarter 2023."
TDY,0001094285,2024-04-24,0001094285-24-000052,tdy-20240423.htm,2.02 8.01 9.01,True,1250000000.0,"Item 8.01 Other Events On April 23, 2024, the Board of Directors of Teledyne authorized a new stock repurchase program to repurchase up to $1.25 billion of Teledyne's Common Stock."
GWW,0000277135,2024-04-25,0000277135-24-000057,gww8kex991q12024.htm,2.02 9.01,True,,Refreshed repurchase authorization for up to 5 million shares of common stock
MO,0000764180,2024-04-25,0000764180-24-000056,exhibit991erq12024.htm,2.02 9.01,True,2400000000.0,"In connection with the Offering, our Board of Directors (Board) authorized a $2.4 billion increase to our existing $1.0 billion share repurchase program."
ALGN,0001097149,2024-04-26,0001097149-24-000029,algn-20240425.htm,7.01 9.01,False,150000000.0,"Announces $150 Million Open Market Repurchase 104 Cover Page Interactive Data File (embedded within the Inline XBRL document) SIGNATURE Pursuant to the requirements of the Securities Exchange Act of 1934, the registrant has duly caused this report to be signed on its behalf by the undersigned hereunto duly authorized."
MPC,0001510295,2024-04-30,0001510295-24-000045,mpcq12024earningsrelease.htm,2.02 9.01,True,5000000000.0,"Additionally, the Board of Directors has approved an incremental $5 billion share repurchase authorization."
AIG,0000005272,2024-05-01,0000005272-24-000047,q12024earningsrelease.htm,2.02 8.01 9.01,True,2000000000.0,"On April 30, the Corebridge Board of Directors also authorized an additional $2 billion of share repurchases following active share repurchases year to date."
DVA,0000927066,2024-05-01,0000927066-24-000083,ex101-brksharerepurchaseag.htm,1.01 9.01,False,,"Whereas, the Board of Directors of the Company (the “ Board ”) has authorized a plan for the Company to repurchase shares of Common Stock from time to time in the open market or in privately negotiated transactions, including through accelerated share repurchase transactions, derivative transactions, tender offers, Rule 10b5-1 plans or any combination of the foregoing (as such plan may be amended "
POOL,0000945841,2024-05-01,0000945841-24-000092,pool-20240501.htm,5.07 7.01 9.01,False,,"(d) Exhibits 99.1 Press release issued by Pool Corporation on May 1, 2024, announcing additional authorization under the share repurchase program, the declaration of an increased quarterly cash dividend and the voting results of its annual meeting. 104 Cover Page Interactive Data File (embedded within the Inline XBRL document) SIGNATURE Pursuant to the requirements of the Securities Exchange Act o"
IR,0001699150,2024-05-02,0001628280-24-020034,ir2024q1ex991.htm,2.02 9.01,True,1000000000.0,The Board also authorized a $1 billion increase to the Company’s share repurchase program.
REGN,0000872589,2024-05-02,0001804220-24-000015,exhibit991q12024.htm,2.02 9.01,True,3000000000.0,"New $3.0 billion share repurchase program authorized in April 2024 Tarrytown, New York (May 2, 2024) -- Regeneron Pharmaceuticals, Inc."
ANET,0001596532,2024-05-07,0001596532-24-000171,anet-20240503.htm,2.02 8.01 9.01,True,1200000000.0,"ITEM 8.01 Other Event On May 3, 2024, the Company’s board of directors authorized a $1.2 billion stock repurchase program (the “Repurchase Program”)."
AKAM,0001086222,2024-05-09,0001086222-24-000146,exhibit991-q12024.htm,2.02 9.01,True,2000000000.0,"Share repurchase program: The Company also announces today that its board of directors has authorized a new, $2.0 billion share repurchase program, effective from today through June 30, 2027."
CEG,0001868275,2024-05-09,0001868275-24-000023,ceg-20240509991.htm,2.02 7.01 9.01,True,1000000000.0,"Delivering on our capital allocation priorities, the board expanded our share repurchase authorization by $1 billion, reinforcing confidence in Constellation’s outlook."
GEN,0000849399,2024-05-09,0000849399-24-000022,ex9901q4fy24.htm,2.02 9.01,True,3000000000.0,"EX-99.01 2 ex9901q4fy24.htm EX-99.01 Document NEWS RELEASE CONTACTS Investor Contact Jason Starr Media Contact Audra Proctor Gen Gen IR@GenDigital.com Press@GenDigital.com Gen Delivers Fifth Consecutive Year of Organic Growth and Record Profitability in Fiscal 2024 Gen Board authorizes $3 billion share repurchase program TEMPE, Ariz. & PRAGUE – May 9, 2024 – Gen Digital Inc."
PLTK,0001828016,2024-05-09,0001828016-24-000017,pltk-20240509.htm,2.02 5.02 7.01 9.01,True,150000000.0,"Board of Directors Authorizes Stock Repurchase Program On May 9, 2024, the Company announced that its Board of Directors authorized a stock repurchase program for up to $150 million of the Company’s common stock."
INCY,0000879169,2024-05-13,0001104659-24-060207,tm2413972d2_ex99-1.htm,1.01 7.01 9.01,False,2000000000.0,"EX-99.1 3 tm2413972d2_ex99-1.htm EXHIBIT 99.1 Exhibit 99.1 Incyte Announces Intention to Buy Back up to $2.0 Billion of its Common Stock – Incyte commences Dutch Auction tender offer to repurchase up to $1.67 billion of outstanding common shares WILMINGTON, Del. – May 13, 2024 – Incyte Corporation (Nasdaq:INCY) (the “Company”) today announced that its Board of Directors approved a share repurchase"
LRCX,0000707549,2024-05-21,0000707549-24-000076,lrcx-20240521.htm,7.01 8.01 9.01,False,10000000000.0,Other Events The Company’s press release also announced a $10 billion share repurchase authorization.
SFM,0001575515,2024-05-23,0001575515-24-000105,sfm-20240522.htm,5.07 8.01 9.01,False,600000000.0,(the “Company”) approved a new share repurchase authorization in the amount of $600 million.
LYB,0001489393,2024-05-24,0001489393-24-000025,lyb-20240524.htm,5.07 8.01,False,,"As discussed under Item 5.07 above, at the Annual Meeting, the Company’s shareholders approved a new share repurchase program authorizing the Company to repurchase up to 10% of the Company’s issued share capital as of the date of the Annual Meeting, or 34,042,250 shares, until November 24, 2025."
HOOD,0001783879,2024-05-28,0001783879-24-000156,hood-20240528.htm,7.01,False,1000000000.0,"(the “Company” or ""Robinhood"") announced that its board of directors approved a share repurchase program (the “Repurchase Program”) authorizing the Company to repurchase up to $1 billion of its outstanding Class A common stock."
A,0001090872,2024-05-29,0001090872-24-000017,a-20240529.htm,2.02 8.01 9.01,True,2000000000.0,"Item 8.01 Other On May 29, 2024, the Company issued a press release announcing that the Board of Directors of the Company approved a stock repurchase program authorizing the purchase of up to $2 billion of the Company’s common stock (the “2024 Stock Repurchase Program”)."
NTAP,0001002047,2024-05-30,0000950170-24-066567,ntap-ex99_1.htm,2.02 8.01 9.01,True,1000000000.0,"NetApp announced an increase in its quarterly dividend to $0.52 cents per share and a new share repurchase authorization of an additional $1 billion SAN JOSE, Calif.—May 30, 2024— NetApp (NASDAQ: NTAP), the intelligent data infrastructure company, today reported financial results for the fourth quarter and fiscal year 2024, which ended on April 26, 2024."
LULU,0001397187,2024-06-05,0001397187-24-000023,lulu-20240529.htm,2.02 8.01 9.01,True,1000000000.0,"On May 29, 2024, the board of directors approved a $1.0 billion increase to the Company's existing stock repurchase program."
DOCU,0001261333,2024-06-06,0001261333-24-000083,q125ex-991er.htm,2.02 9.01,True,1000000000.0,Increase to Stock Repurchase Program ▪ Docusign’s board of directors has authorized an increase to its existing stock repurchase program for an additional amount of up to $1.0 billion of Docusign’s outstanding common stock.
CAT,0000018230,2024-06-14,0001104659-24-071748,tm2417203d1_8k.htm,5.07 7.01 9.01,False,21800000000.0,"With the new authorization, the Company may repurchase up to approximately $21.8 billion of its common stock."
AZO,0000866787,2024-06-20,0001171843-24-003533,f8k_061924.htm,8.01 9.01,False,1500000000.0,(the “Company”) issued a press release announcing that the Board of Directors has authorized the repurchase of an additional $1.5 billion of the Company’s common stock in connection with its ongoing share repurchase program.
CFG,0000759944,2024-06-28,0000759944-24-000126,cfg2024capitalplanandscbpr.htm,7.01 9.01,False,656000000.0,"Announces Preliminary Stress Capital Buffer and $656 million Increase in Share Repurchase Authorization to $1.25 billion PROVIDENCE, R.I. – Citizens Financial Group, Inc."
JPM,0000019617,2024-06-28,0000019617-24-000434,jpmc2024ccarresultsex99.htm,8.01 9.01,False,,"PRESS RELEASE DATED JUNE 28, 2024 Document Exhibit 99 JPMorgan Chase & Co. 383 Madison Avenue, New York, NY 10179-0001 NYSE symbol: JPM www.jpmorganchase.com News release: IMMEDIATE RELEASE JPMorgan Chase Plans Dividend Increase and Has Authorized a New Common Share Repurchase Program New York, June 28, 2024 – JPMorgan Chase & Co."
MS,0000895421,2024-06-28,0000950103-24-009168,dp213622_ex9901.htm,8.01 9.01,False,20000000000.0,"EX-99.1 2 dp213622_ex9901.htm EXHIBIT 99.1 Exhibit 99.1 FOR IMMEDIATE RELEASE June 28, 2024 Morgan Stanley Announces 7.5 Cents Dividend Increase and Authorization of a Renewed $20 Billion Multi-Year Common Equity Share Repurchase Program NEW YORK – Morgan Stanley (NYSE: MS) announced that it will increase its quarterly common stock dividend to $0.925 per share from the current $0.85 per share, beg"
FDS,0001013237,2024-07-03,0001013237-24-000086,investordeckjuly2024.htm,7.01 9.01,False,,FactSet Business Use Only 33 Sustain value creation through disciplined capital allocation Current focus on cash-flow- neutral tuck-in acquisitions and partnerships Normalized share repurchase program with expanded share repurchase authorization amount Target quarterly dividend ~25%- 30% of net income Target annual organic investment net ~100-150 bps of revenues CapEx goal 3%- 4% of revenues IN V 
JPM,0000019617,2024-07-12,0000019617-24-000446,a2q24erfex992supplement.htm,2.02 9.01,True,30000000000.0,"Effective July 1, 2024, the Firm’s Board of Directors have authorized a new common share repurchase program of $30 billion that replaced the previous repurchase program."
DHI,0000882184,2024-07-18,0000882184-24-000034,a6302024exhibit991.htm,2.02 9.01,True,4000000000.0,New share repurchase authorization of $4.0 billion D.R.
TFC,0000092230,2024-07-22,0000092230-24-000041,ex991-pr2q24.htm,2.02 9.01,True,5000000000.0,Capital levels significantly strengthened from the sale of TIH ◦ Announced up to $5 billion in share repurchase authorization through 2026 with buybacks expected to commence in 3Q24 ◦ CET1 ratio (3) was 11.6%
BAC,0000070858,2024-07-24,0000070858-24-000194,bac-20240724.htm,8.01 9.01,False,25000000000.0,"On July 24, 2024, Bank of America Corporation (the “Corporation”) issued a press release (the “Press Release”) announcing that the Corporation’s Board of Directors (the “Board”) authorized the Corporation's $25 billion common stock repurchase program, effective August 1, 2024, to replace the Corporation’s current common stock repurchase program adopted by the Board in October 2021, and modified by"
CMG,0001058090,2024-07-24,0001058090-24-000030,cmg-20240724.htm,2.02 8.01 9.01,True,400000000.0,"On July 24, 2024, we announced that our Board of Directors has authorized repurchases of common stock with a total aggregate purchase price of $400 million, exclusive of commissions."
DOC,0000765880,2024-07-25,0001628280-24-032991,ex99106302024.htm,2.02 7.01 9.01,True,500000000.0,"In July 2024, the Board replaced Healthpeak's existing share repurchase authorization with a new $500 million share repurchase authorization effective through July 2026."
DXCM,0001093557,2024-07-25,0001093557-24-000143,dxcm-20240725.htm,2.02 8.01 9.01,True,750000000.0,"On July 25, 2024, Dexcom announced that its Board of Directors authorized and approved a share repurchase program of up to $750.0 million of Dexcom’s outstanding common stock, par value $0.001 per share (“Common Stock”), with a repurchase period ending no later than June 30, 2025 (the “Share Repurchase Program”)."
EIX,0000827052,2024-07-25,0000827052-24-000054,eix-20240725x8k.htm,2.02 7.01 9.01,True,200000000.0,"Item 7.01 Regulation FD Disclosure Share Repurchase Program On June 26, 2024, the Edison International Board of Directors authorized a stock repurchase program effective July 29, 2024 for repurchase of up to $200 million of its common stock until December 31, 2025 (""Repurchase Program"")."
HIG,0000874766,2024-07-25,0000874766-24-000107,ex991earningsnewsrelease63.htm,2.02 9.01,True,3300000000.0,EX-99.1 2 ex991earningsnewsrelease63.htm EX-99.1 Document NEWS RELEASE The Hartford Announces Outstanding Second Quarter 2024 Financial Performance Board Authorized New $3.3 Billion Share Repurchase Program
UHS,0000352915,2024-07-25,0000950170-24-086313,uhs-ex99_1.htm,2.02 9.01,True,1000000000.0,"ANNOUNCES 2024 SECOND QUARTER FINANCIAL RESULTS, INCREASES 2024 FULL YEAR OPERATING RESULTS FORECAST AND ANNOUNCES $1 BILLION INCREASE TO STOCK REPURCHASE PROGRAM AUTHORIZATION Consolidated Results of Operations, As Reported and As Adjusted – Three-month periods ended June 30, 2024 and 2023: KING OF PRUSSIA, PA – Universal Health Services, Inc."
CRS,0000017843,2024-07-29,0001193125-24-187540,d817637dex991.htm,2.02 9.01,True,400000000.0,"To that end, we announced today that our Board of Directors approved a share repurchase program of up to $400 million. Carpenter Technology continues to exceed performance and outlook expectations."
IT,0000749251,2024-07-30,0000749251-24-000033,it-20240725.htm,2.02 7.01,True,600000000.0,"Share Repurchase Authorization On July 25, 2024, the Company’s Board of Directors authorized incremental share repurchases of up to an additional $600.0 million of Gartner’s common stock."
APTV,0001521332,2024-08-01,0001521332-24-000055,aptvq22024ex991.htm,2.02 9.01,True,5000000000.0,"Announces New $5.0 Billion Share Repurchase Authorization and $3.0 Billion Accelerated Share Repurchase Program DUBLIN - Aptiv PLC (NYSE: APTV), a global technology company focused on making mobility safer, greener and more connected, today reported second quarter 2024 U.S."
LH,0000920148,2024-08-01,0000920148-24-000096,form8-kerex991for2q24.htm,2.02 9.01,True,1000000000.0,Share repurchase authorization increased by $1.0 billion to $1.4 billion
REG,0000910606,2024-08-01,0000950170-24-089334,reg-ex99_1.htm,2.02 7.01 9.01,True,250000000.0,"Following the second quarter repurchase activity, on July 31, 2024, Regency’s Board of Directors authorized a new share repurchase program, which authorizes the repurchase by Regency of up to $250 million of its common stock."
TRGP,0001389170,2024-08-01,0000950170-24-088922,trgp-20240801.htm,2.02 7.01 8.01 9.01,True,1000000000.0,(the “Company”) approved a new share repurchase program (the “2024 Share Repurchase Program”) for the repurchase of up to $1.0 billion of the Company’s outstanding common stock.
ZTS,0001555280,2024-08-01,0001555280-24-000290,zts-20240801.htm,7.01 9.01,False,6000000000.0,"(the “Company”) announced that its Board of Directors has approved a multi-year share repurchase program (the “Share Repurchase Program”), pursuant to which the Company may, from time to time, purchase shares of its common stock for an aggregate repurchase price not to exceed $6 billion."
BLDR,0001316835,2024-08-06,0000950170-24-091191,bldr-ex99_2.htm,2.02 8.01 9.01,True,1000000000.0,"EX-99.2 3 bldr-ex99_2.htm EX-99.2 EX-99.2 For Immediate Release Builders FirstSource Authorizes $1 Billion Share Repurchase Plan August 6, 2024 (Irving, TX) – Builders FirstSource, Inc."
DVN,0001090012,2024-08-06,0001193125-24-194945,d816697dex991.htm,2.02 9.01,True,5000000000.0,"These assets are an excellent addition to Devon, expanding our oil production, project inventory and operating scale. Importantly, as a result of our improved outlook and recent acquisition, we expanded our share-repurchase authorization by 67 percent to $5 billion."
FIS,0001136893,2024-08-06,0001136893-24-000111,q22024ex991.htm,2.02 9.01,True,3000000000.0,"On August 1, 2024, FIS' Board of Directors approved a new $3 billion share repurchase authorization."
CRL,0001100682,2024-08-07,0001100682-24-000025,crl2q24earningsrelease.htm,2.02 9.01,True,1030000000.0,"EX-99.1 2 crl2q24earningsrelease.htm EX-99.1 Document Exhibit 99.1 NEWS RELEASE CHARLES RIVER LABORATORIES ANNOUNCES SECOND-QUARTER 2024 RESULTS – Second-Quarter Revenue of $1.03 Billion – – Second-Quarter GAAP Earnings per Share of $1.74 and Non-GAAP Earnings per Share of $2.80 – – Board Approves New Stock Repurchase Authorization of $1.0 Billion – – Revises 2024 Guidance – WILMINGTON, MA, August"
MCK,0000927653,2024-08-07,0000927653-24-000096,mck_exhibit991x6302024.htm,2.02 9.01,True,4000000000.0,"McKesson's Board of Directors approved a $4.0 billion increase to the share repurchase program, bringing the total share repurchase authorization to $9.9 billion as of July 2024."
EPAM,0001352010,2024-08-08,0001352010-24-000024,epam-20240808.htm,2.02 8.01 9.01,True,500000000.0,"On August 1, 2024, EPAM's Board of Directors approved a common stock repurchase program, authorizing EPAM to repurchase up to $500 million of EPAM Systems, Inc. common stock."
NRG,0001013871,2024-08-08,0001013871-24-000014,nrgq22024ex991.htm,2.02 9.01,True,2700000000.0,"In the second quarter of 2024, the Company continued to opportunistically repurchase shares in the open market as part of its $2.7 billion authorization to be executed through 2025."
FLEX,0000866374,2024-08-09,0000866374-24-000036,flex-20240808.htm,5.07 8.01,False,1700000000.0,"The Company announced that it has received shareholder approval to purchase up to 20% of the Company’s issued and outstanding Ordinary Shares, and the Company’s Board of Directors has authorized management to continue its share repurchase plan for the Company’s issued Ordinary Shares in an aggregate amount not to exceed $1.7 billion."
FN,0001408710,2024-08-19,0001408710-24-000030,fn-20240819xex991q424.htm,2.02 5.02 9.01,True,139500000.0,"Share Repurchase Program Expanded Fabrinet also announced that its Board of Directors has approved an expansion of its share repurchase program, authorizing the repurchase of up to an additional $139.5 million of Fabrinet’s ordinary shares."
JBHT,0000728535,2024-08-19,0001437749-24-027128,jbht20240813_8k.htm,7.01,False,1000000000.0,"On August 16, 2024, our Board of Directors adopted a new share repurchase program authorizing the repurchase of $1 billion of the Company’s common stock."
MNST,0000865752,2024-08-19,0001104659-24-090857,tm2422043d1_ex99-1.htm,8.01 9.01,False,500000000.0,"(310) 279-5980 MONSTER BEVERAGE BOARD AUTHORIZES NEW $500.0 MILLION SHARE REPURCHASE PROGRAM Corona, CA – August 19, 2024 – Monster Beverage Corporation (NASDAQ:MNST) today announced that its Board of Directors has authorized a new share repurchase program for the repurchase of up to an additional $500.0 million of the Company’s outstanding common stock."
PANW,0001327567,2024-08-19,0001327567-24-000023,panw-20240819.htm,2.02 8.01 9.01,True,500000000.0,"On August 15, 2024, the Board of Directors of the Company approved the repurchase of up to an additional $500.0 million of the Company’s common stock."
SNOW,0001640147,2024-08-21,0001640147-24-000203,fy2025q2earnings.htm,2.02 9.01,True,2500000000.0,"Authorized the repurchase of an additional $2.5 billion under our stock repurchase program through March 2027 No-Headquarters/BOZEMAN, Mont. - August 21, 2024 - Snowflake (NYSE: SNOW), the AI Data Cloud company, today announced financial results for its second quarter of fiscal 2025, ended July 31, 2024."
INTU,0000896878,2024-08-22,0000896878-24-000035,fy24q4earningspressrelease.htm,2.02 8.01,True,3000000000.0,"The Board approved a new $3.0 billion repurchase authorization, giving the company a total authorization of $4.9 billion to repurchase shares."
WDAY,0001327811,2024-08-22,0001327811-24-000163,wday-20240822.htm,2.02 8.01 9.01,True,1000000000.0,"Section 8 – Other Events Item 8.01 – Other Events On August 22, 2024, Workday announced that its Board of Directors authorized the repurchase of up to $1.0 billion of Workday’s outstanding shares of Class A common stock (the “August 2024 Share Repurchase Program”)."
ELF,0001600033,2024-08-27,0001193125-24-207812,d889091d8k.htm,1.01 2.03 5.07 8.01 9.01,False,500000000.0,"On August 27, 2024, the Company issued a press release announcing that its Board of Directors has authorized a share repurchase program to acquire up to $500 million of the Company’s common stock (the “ Share Repurchase Program ”)."
HPQ,0000047217,2024-08-28,0000047217-24-000068,hp73124exhibit991q324.htm,2.02 8.01 9.01,True,10000000000.0,"Share repurchase authorization On August 27, 2024, HP's Board of Directors increased HP's share repurchase authorization to $10.0 billion in total."
NVDA,0001045810,2024-08-28,0001045810-24-000262,q2fy25cfocommentary.htm,2.02 9.01,True,50000000000.0,"On August 26, 2024, our Board of Directors approved an additional $50.0 billion to our share repurchase authorization, without expiration."
NXPI,0001413447,2024-08-30,0001413447-24-000081,nxpi-20240829.htm,8.01,False,2000000000.0,"Additionally, the Board of Directors of the Company approved an additional $2 billion authorization to its existing share repurchase program ."
EW,0001099800,2024-09-03,0001099800-24-000082,ew-20240903.htm,7.01 9.01,False,1500000000.0,"In the same press release, the Company announced that its Board of Directors approved $1.5 billion of additional share repurchase authorization."
SIRI,0000908937,2024-09-10,0001104659-24-098372,tm2423473d6_8k.htm,7.01 8.01 9.01,False,1166000000.0,"Following the Merger Effective Time, the Board of New Sirius authorized a $1.166 billion common stock repurchase program."
BEEP,0001847874,2024-09-11,0001493152-24-035824,form8-k.htm,1.01 2.03 3.02 8.01 9.01,False,,"Share Repurchase Program In addition, on September 11, 2024, the Company issued a press release (the “ Press Release ”) announcing that its board of directors (the “ Board ”) authorized a repurchase program (the “ Share Repurchase Program ”) for the repurchase of up to $10,000,000 of shares of the Company’s outstanding Common Stock."
USB,0000036104,2024-09-12,0001193125-24-217446,d874914d8k.htm,8.01 9.01,False,5000000000.0,"Bancorp (the “Company”) announced that its board of directors authorized a share repurchase program to repurchase up to $5 billion of the Company’s outstanding common stock, effective September 13, 2024."
FANG,0001539838,2024-09-19,0001140361-24-041466,ef20035944_8k.htm,5.03 8.01 9.01,False,4000000000.0,"On September 18, 2024, the Board approved increasing the total authorized repurchases under the Company’s existing common stock repurchase program from $4 billion to $6 billion."
IRDM,0001418819,2024-09-19,0001628280-24-040928,ex991sharerepurchaseannoun.htm,7.01 9.01,False,500000000.0,"EX-99.1 2 ex991sharerepurchaseannoun.htm EX-99.1 Document FOR RELEASE Thursday, September 19, 2024 Press Contact: Investor Contact: Jordan Hassin Iridium Communications Inc. +1 (703) 287-7421 jordan.hassin@iridium.com Kenneth Levy Iridium Communications Inc. +1 (703) 287-7570 ken.levy@iridium.com Iridium Board of Directors Approves Additional $500 Million Share Repurchase Program;"
JBL,0000898293,2024-09-26,0001193125-24-226499,d872548dex991.htm,2.02 2.05 9.01,True,1000000000.0,"EX-99.1 2 d872548dex991.htm EX-99.1 EX-99.1 Exhibit 99.1 Jabil Posts Fourth Quarter and Fiscal Year 2024 Results Company Announces New $1 Billion Share Repurchase Authorization, Provides Fiscal Year 2025 Outlook ST."
LUV,0000092380,2024-09-26,0000092380-24-000121,luv-20240926.htm,7.01 8.01 9.01,False,2500000000.0,The Company is also announcing today that its Board of Directors (“Board”) has authorized a new $2.5 billion share repurchase program.
CIEN,0000936395,2024-10-02,0000936395-24-000035,ex991pressrelease20241002.htm,8.01 9.01,False,1000000000.0,"EX-99.1 2 ex991pressrelease20241002.htm EX-99.1 Document FOR IMMEDIATE RELEASE Ciena Announces $1 Billion Share Repurchase Authorization HANOVER, Md. – October 2, 2024 – Ciena (NYSE: CIEN) today announced that its Board of Directors has authorized a program to repurchase up to $1 billion of the company’s common stock, commencing in fiscal year 2025 and continuing through the end of fiscal year 202"
LOGI,0001032975,2024-10-11,0001032975-24-000069,articlesofincorporationo.htm,5.03 9.01,False,,"The Board of Directors shall be authorized within the capital band to (i) increase or decrease the share capital once or several times and in any amounts or (ii) acquire (including based on a share repurchase program approved by the Board of Directors) shares directly or indirectly, until September 13, 2028 or until an earlier expiration of the capital band."
UAL,0000100517,2024-10-15,0000100517-24-000132,ual_09302024erex991.htm,2.02 7.01 9.01,True,1500000000.0,"A prosperous summer 2024 is just the beginning as our improved customer experience combined with United Next positions the airline at the top of the industry for the foreseeable future."" Capital Allocation The company's Board of Directors authorized a new share repurchase program for up to $1.5 billion of outstanding shares of common stock and warrants originally issued to the U.S."
ABT,0000001800,2024-10-16,0001628280-24-042893,abt-2024q3xexhibitx991.htm,2.02 9.01,True,7000000000.0,"In October, Abbott's board of directors authorized a new share repurchase program of up to $7 billion of the company's common shares."
ULTA,0001403568,2024-10-16,0001558370-24-013325,ulta-20241016xex99d1.htm,7.01 9.01,False,3000000000.0,"EX-99.1 2 ulta-20241016xex99d1.htm EX-99.1 Exhibit 99 ​ ​ ​ ​ Ulta Beauty Announces Long-Term Financial Targets and Strategic Priorities to Drive Profitable Growth ​ Increases Long-Term Store Target and Plans to Open 200 Net New Stores Over the Next Three Years Announces New $3 Billion Share Repurchase Authorization Reaffirms Fiscal 2024 Guidance ​ ​ BOLINGBROOK, IL."
ELV,0001156039,2024-10-17,0001156039-24-000119,a3q2024elvearningsrelease.htm,2.02 9.01,True,8000000000.0,"On October 15, 2024, our Audit Committee, pursuant to authorization granted by the Board of Directors, authorized an $8.0 billion increase to the common stock repurchase program."
LMT,0000936468,2024-10-22,0000936468-24-000107,ex991q32024.htm,2.02 9.01,True,3000000000.0,Increased share repurchase authority by $3.0 billion to a total authorization of $10.3 billion
LVS,0001300514,2024-10-23,0001300514-24-000132,lvs_ex991x09302024.htm,2.02 9.01,True,2000000000.0,LVS Board of Directors Authorized $2.0 billion in Future Stock Repurchases
NEM,0001164727,2024-10-23,0001164727-24-000057,newmontq32024earningsrelea.htm,2.02 9.01,True,2000000000.0,"The repurchase program may be discontinued at any time, and the program does not obligate the Company to acquire any specific number of shares of its common stock or to repurchase the full $2.0 billion amount during the 24 month authorization period."
CARR,0001783180,2024-10-24,0001783180-24-000084,a99-q32024earningsexhibit.htm,2.02 7.01 9.01,True,,Our new share repurchase authorization reflects our commitment to deliver shareholder value through disciplined capital allocation.
LUV,0000092380,2024-10-24,0000092380-24-000145,er-9302024xerdoc.htm,2.02 7.01 9.01,True,250000000.0,"Announced a $250 million accelerated share repurchase program under the Company's $2.5 billion share repurchase authorization Bob Jordan, President, Chief Executive Officer, & Vice Chairman of the Board of Directors, stated, ""It’s an exciting time for us as we execute on our ‘Southwest."
TKO,0001973266,2024-10-24,0001193125-24-242249,d875145d8k.htm,1.01 3.02 7.01 8.01 9.01,False,2000000000.0,"On October 24, 2024, the Company also announced that its Board has authorized a share repurchase program of up to $2.0 billion of its Class A common stock and the approval of a quarterly cash dividend program pursuant to which holders of the Company’s Class A common stock will receive their pro rata share of $75.0 million quarterly distributions to be made by TKO."
ALGN,0001097149,2024-10-25,0001097149-24-000056,algn-20241024.htm,7.01 9.01,False,275000000.0,"Announc es $ 275 Million Open Market Repurchase 104 Cover Page Interactive Data File (embedded within the Inline XBRL document) SIGNATURES Pursuant to the requirements of the Securities Exchange Act of 1934, the registrant has duly caused this report to be signed on its behalf by the undersigned hereunto duly authorized."
FFIV,0001048695,2024-10-28,0001048695-24-000154,ffiv-20241025.htm,2.02 5.02 8.01 9.01,True,1000000000.0,"Item 8.01 Other Events On October 25, 2024, the Board authorized an additional $1 billion for the Company’s common stock share repurchase program."
ATI,0001018963,2024-10-29,0001628280-24-044003,form8-kq32024ex991.htm,2.02 9.01,True,700000000.0,"During the third quarter 2024, ATI's Board of Directors authorized the repurchase of $700 million of ATI common stock."
CMG,0001058090,2024-10-29,0001058090-24-000048,cmg-20241029.htm,2.02 8.01 9.01,True,900000000.0,"On October 29, 2024, we announced that our Board of Directors has authorized repurchases of common stock with a total aggregate purchase price of $900 million, exclusive of commissions."
EXE,0000895126,2024-10-29,0000895126-24-000133,exe-ex_991x20240930x8kxpr.htm,2.02 7.01 9.01,True,1000000000.0,"In conjunction with the enhanced framework, Expand Energy’s Board of Directors approved a $1 billion repurchase authorization. 2 Conference Call Information A conference call to discuss the results and preliminary 2025 plan has been scheduled for 9 a.m."
MSCI,0001408198,2024-10-29,0001408198-24-000165,msci-20241029.htm,2.02 8.01 9.01,True,1500000000.0,"(the “Company”), authorized a new share repurchase program for the repurchase of shares of the Company’s common stock with an aggregate value of up to $1.5 billion."
COIN,0001679788,2024-10-30,0001679788-24-000186,q324shareholderletter.htm,2.02 9.01,True,1000000000.0,"Lastly, in October 2024, our board of directors authorized a $1.0 billion share repurchase program."
GPN,0001123360,2024-10-30,0001123360-24-000033,exhibit99120240930.htm,2.02 8.01 9.01,True,2500000000.0,The Board of Directors also approved an increase in the company's share repurchase authorization capacity to $2.5 billion.
TEL,0001385157,2024-10-30,0001558370-24-013877,tel-20241030xex99d1.htm,2.02 7.01 9.01,True,2500000000.0,"In a reinforcement of our long-term value creation model, I’m pleased that our board authorized a $2.5 billion increase in our share repurchase program that will continue to benefit our owners.” ​ First Quarter FY25 Outlook For the first quarter of fiscal 2025, the company expects net sales of approximately $3.9 billion."
COP,0001163165,2024-10-31,0001163165-24-000049,cop-20241031x8kexx991.htm,2.02 9.01,True,,"EX-99.1 2 cop-20241031x8kexx991.htm EX-99.1 Document Exhibit 99.1 ConocoPhillips announces third-quarter 2024 results, increases quarterly ordinary dividend and existing share repurchase authorization"
TEAM,0001650372,2024-10-31,0001650372-24-000054,team-20241031.htm,2.02 8.01 9.01,True,1500000000.0,"On October 31, 2024, the Company also announced, as part of the Press Release, that its Board of Directors authorized a program to repurchase up to $1.5 billion of the Company’s Class A Common Stock, to commence upon the completion of our existing $1.0 billion program (the “ 2024 Share Repurchase Program ”)."
RVTY,0000031791,2024-11-04,0000031791-24-000026,q32024pressrelease.htm,2.02 9.01,True,1000000000.0,Authorizes new $1 billion share repurchase program
WYNN,0001174922,2024-11-04,0001174922-24-000159,ex991wrlq32024pressrelease.htm,2.02 7.01 8.01 9.01,True,1000000000.0,"To that end, we are pleased to announce that the Board has increased our share repurchase authorization to $1 billion."
MPC,0001510295,2024-11-05,0001510295-24-000078,mpcq32024earningsrelease.htm,2.02 9.01,True,3000000000.0,"$3.0 billion of capital returned to shareholders; announced additional $5 billion share repurchase authorization and a 10% quarterly dividend increase FINDLAY, Ohio, Nov 5, 2024 – Marathon Petroleum Corp."
PTC,0000857005,2024-11-06,0000950170-24-122235,ptc-ex99_1.htm,2.02 7.01 9.01,True,2000000000.0,“Today we announced a new $2 billion share repurchase authorization through the end of fiscal 2027.
QCOM,0000804328,2024-11-06,0000804328-24-000074,qcom092924erex991.htm,2.02 9.01,True,15000000000.0,"Stock Repurchases Dividend Paid Total Amount (in millions, except per share data) Shares Amount Per Share Amount Q4 Fiscal 2024 8 $1,302 $0.85 $947 $2,249 Fiscal 2024 25 $4,121 $3.30 $3,687 $7,808 Our Board of Directors has also approved a new $15.0 billion stock repurchase authorization."
CPAY,0001175454,2024-11-07,0001628280-24-046334,ex991q3_2024.htm,2.02 7.01 9.01,True,1000000000.0,"The Board is also announcing today an increase in the share repurchase authorization by $1 billion, as authorized on November 5, 2024."
EG,0001095073,2024-11-07,0001095073-24-000048,everestre-20241107.htm,8.01 9.01,False,,"(the ""Registrant"") issued a news release announcing an increase in its share repurchase authorization by an additional 10 million shares."
FTNT,0001262039,2024-11-07,0001262039-24-000040,ftntq3-2024ex991.htm,2.02 9.01,True,1000000000.0,"Share Repurchase Program: In October 2024, Fortinet’s board of directors authorized a $1.0 billion increase in the authorized stock repurchase under our share repurchase program."
NRG,0001013871,2024-11-08,0001013871-24-000019,nrgq32024ex991.htm,2.02 9.01,True,1355000000.0,Announcing 2025 capital allocation with $1.355 billion of share repurchases; share repurchase authorization increased by $1 billion to $3.7 billion through 2025
TPR,0001116132,2024-11-14,0001140361-24-046713,ef20038690_8k.htm,1.01 1.02 2.04 7.01 8.01 9.01,False,2000000000.0,"On November 13, 2024, the board of directors of the Company (the “Board”) authorized the Company to repurchase up to $2.0 billion of outstanding shares of its common stock, $0.01 par value per share, pursuant to a new share repurchase program."
BG,0001996862,2024-11-15,0001996862-24-000262,bg-20241113.htm,8.01 9.01,False,,"Description 99.1 Press Release of Bunge, dated November 15, 2024, to announce the Expanded Share Repurchase Program 104 Cover Page Interactive Data File (embedded within the Inline XBRL document) SIGNATURE Pursuant to the requirements of the Securities Exchange Act of 1934, as amended, the Registrant has duly caused this report to be signed on its behalf by the undersigned hereunto duly authorized"
ACM,0000868857,2024-11-18,0001104659-24-120136,tm2428610d1_ex99-1.htm,2.02 8.01 9.01,True,3200000000.0,"When coupled with our disciplined capital allocation and the Board approved increases to our share repurchase authorization and dividend program, we are committed to delivering continued strong earnings growth, cash flow and return on invested capital over the long term.” Business Segments Americas Revenue in the fourth quarter was $3.2 billion, an 8% increase from the prior year."
WSM,0000719955,2024-11-20,0001628280-24-048597,exhibit991fy2024q3earnings.htm,2.02 9.01,True,1000000000.0,"EX-99.1 2 exhibit991fy2024q3earnings.htm EX-99.1 Document Exhibit 99.1 Williams-Sonoma, Inc. announces third quarter 2024 results Q3 comparable brand revenue -2.9% Q3 operating margin of 17.8%; diluted EPS growth of 7.1% to $1.96 New stock repurchase authorization of $1 billion Raises full-year 2024 outlook San Francisco, CA, November 20, 2024 – Williams-Sonoma, Inc."
CBRE,0001138118,2024-11-21,0001193125-24-263481,d908031d8k.htm,5.03 7.01 8.01 9.01,False,,"On November 21, 2024, the Company issued a press release announcing an increase to the Company’s stock repurchase authorization."
NXPI,0001413447,2024-11-21,0001413447-24-000129,nxpi-20241121.htm,8.01,False,,"A copy of the Company's press release announcing the dividend payment and additional share repurchase authorization is attached as Exhibit 99.1 to this Current Report on Form 8-K, and is incorporated by reference herein."
ORLY,0000898173,2024-11-22,0000898173-24-000046,orly-20241122x8k.htm,8.01,False,2000000000.0,"(the “Company”) approved a resolution to increase the authorization amount under its share repurchase program by an additional $2.0 billion, raising the aggregate authorization under the program to $27.75 billion."
TPR,0001116132,2024-11-22,0001140361-24-047569,ef20039097_ex99-1.htm,1.01 2.03 7.01 9.01,False,2800000000.0,The ASRs will be completed under the Company’s recently expanded $2.8 billion share repurchase authorization.
ZM,0001585521,2024-11-25,0001585521-24-000257,zm-20241031ex991.htm,2.02 5.03,True,1200000000.0,"Stock Repurchase Authorization: In November 2024, Zoom’s Board of Directors authorized the repurchase of an additional $1.2 billion of Zoom’s outstanding Class A common stock."
ADSK,0000769397,2024-11-26,0000769397-24-000175,q325pressrelease.htm,2.02 5.02 7.01 9.01,True,,"""We will continue to deploy capital to offset and buy forward dilution, a practice which has reduced our share count over the last three years, and have significantly extended the duration of our repurchase program by increasing our stock repurchase authorization."
T,0000732717,2024-12-03,0000732717-24-000062,ex991pressreleasedateddece.htm,7.01 9.01,False,40000000000.0,"Company expects improved financial performance to support $40 billion+ of anticipated shareholder returns through dividends and share repurchases over the next three years, including an initial share repurchase authorization of $10 billion that management expects to complete by the end of 2026."
CME,0001156375,2024-12-05,0001193125-24-271111,d888723d8k.htm,7.01 8.01 9.01,False,3000000000.0,"On December 5, 2024, CME Group announced that its board of directors has approved a share repurchase program (the “Share Repurchase Program”) under which CME Group is authorized to repurchase up to $3 billion of its outstanding Class A Common Stock, par value $.01 per share (the “Common Stock”), from time to time through open market transactions, block trades, privately negotiated purchase transac"
LULU,0001397187,2024-12-05,0001397187-24-000040,lulu-20241203.htm,2.02 8.01 9.01,True,1000000000.0,"On December 3, 2024, the board of directors approved a $1.0 billion increase to the Company's existing stock repurchase program."
TROW,0001113169,2024-12-05,0001113169-24-000033,trow-20241204.htm,8.01,False,,"(the “Company”), approved a 15 million share increase in the Company’s authorization to repurchase shares of its common stock."
RJF,0000720005,2024-12-06,0000720005-24-000072,rjf-20241203.htm,7.01 8.01 9.01,False,1500000000.0,Item 8.01 Other Events The Press Release also announced that the Board had authorized repurchase of the Company’s shares of common stock (“Common Stock”) in an aggregate amount of up to $1.5 billion.
BG,0001996862,2024-12-09,0001996862-24-000299,a31articlesofassociationof.htm,5.03 9.01,False,,"The Company's Board of Directors (the Board ) is authorized within the capital band to increase or reduce the share capital at any time or from time to time and in any (partial) amounts or to cause the Company or any of its group companies to acquire (including under a share repurchase program) Shares directly or indirectly, until October 19, 2028."
IDXX,0000874716,2024-12-09,0000874716-24-000148,idxx-20241203.htm,8.01 9.01,False,,"(the “Company”) authorized an increase in the Company’s ongoing share repurchase program, authorizing the repurchase of up to five million additional shares of the Company’s common stock."
PRU,0001137774,2024-12-10,0001193125-24-274354,d897722d8k.htm,8.01,False,,"Emerging growth company ☐ If an emerging growth company, indicate by check mark if the registrant has elected not to use the extended transition period for complying with any new or revised financial accounting standards provided pursuant to Section 13(a) of the Exchange Act. ☐ Item 8.01 Other Events Share Repurchase Authorization Today, Prudential Financial, Inc."
BMNR,0001829311,2024-12-11,0001683168-24-008650,bitmine_ex9901.htm,2.02 9.01,True,,"Our board has approved the repurchase of up to $250,000 of our common stock through December31_, 2025."
KR,0000056873,2024-12-11,0001104659-24-127669,tm2427516d10_ex99-1.htm,1.02 7.01 9.01,False,7500000000.0,"EX-99.1 2 tm2427516d10_ex99-1.htm EXHIBIT 99.1 Exhibit 99.1 Kroger Reiterates Its Commitment to Lower Prices and Initiates New $7.5B Share Buyback Program Reiterates Commitment to Investing in America to Lower Grocery Prices, Raise Associate Wages, and Support Local Communities Highlights Resilience of Value Creation Model and Strong Momentum to Drive Long-term, Sustainable Growth Board of Directo"
CIEN,0000936395,2024-12-12,0000936395-24-000037,ex9922024q4earningsprese.htm,2.02 5.02 5.03 7.01 9.01,True,1000000000.0,"Authorized a new $1 billion, three-year stock repurchase program (FY25-27) 1 Based on closing share price between 12/2/2019 to 12/2/2024 Achieving balanced growth Prioritizing long term shareholder value Driving the pace of innovation © Ciena Corporation 2024."
WST,0000105770,2024-12-13,0000105770-24-000088,wst-20241209.htm,8.01 9.01,False,,"On December 9, 2024, the Board of Directors approved a share repurchase program authorizing the repurchase of up to 550,000 shares of our common stock from time to time on the open market or in privately-negotiated transactions as permitted under Exchange Act Rule 10b-18."
ACGL,0000947484,2024-12-20,0000947484-24-000154,acgl-20241220.htm,8.01,False,1000000000.0,"(the “Company”) renewed its share repurchase authorization of $1.0 billion, which may be effected from time to time in open market or privately negotiated transactions."
C,0000831001,2025-01-15,0001104659-25-003638,c-20240712xex99d1.htm,2.02 9.01,True,7000000000.0,We returned nearly $7 billion of capital to common shareholders and our Board of Directors has authorized a program to repurchase $20 billion in common stock. ​ “We entered 2025 with momentum across our businesses and we continue to strengthen our ability to serve our clients.
USB,0000036104,2025-01-16,0000036104-25-000005,earningscallpresentation.htm,2.02 7.01 9.01,True,100000000.0,Completed initial share buybacks of $100 million; $5 billion share repurchase authorization. 7.6% CET1 Ratio Regulatory Minimum Binding Capital Constraint Balancing continued capital build with distributions CET1 Ratio1 CET1 Ratio including AOCI 28.6%8.6%8.1%7.8%7.7% U.S.
MTB,0000036270,2025-01-22,0001628280-25-002190,mbt-20250122.htm,8.01 9.01,False,4000000000.0,"On January 22, 2025, M&T Bank Corporation (“M&T”) announced that its Board of Directors authorized a share repurchase program to repurchase up to $4.0 billion of M&T common stock, $0.50 par value per share, on the open market or in privately negotiated transactions."
HCA,0000860730,2025-01-24,0000950170-25-008608,hca-20250124.htm,2.02 7.01 8.01 9.01,True,10000000000.0,"On January 24, 2025, the Company announced that its Board of Directors had authorized an additional share repurchase program for up to $10 billion of the Company’s outstanding common stock."
HSIC,0001000228,2025-01-29,0001193125-25-015654,d925485dex991.htm,1.01 2.02 3.02 5.02 7.01 9.01,True,500000000.0,"Hombach, who brings extensive financial and strategic experience in health care, has joined the Henry Schein Board as an independent director  Announces preliminary unaudited fourth-quarter 2024 GAAP diluted EPS of $0.74 and non-GAAP diluted EPS of $1.19, and preliminary 2025 financial guidance for full-year non-GAAP EPS of low to mid single digit growth  In addition, Henry Schein has increased "
NOW,0001373715,2025-01-29,0001373715-25-000007,now-20250129.htm,2.02 8.01 9.01,True,3000000000.0,"On January 29, 2025, ServiceNow announced that its Board of Directors authorized an additional $3.0 billion in repurchases under its share repurchase program."
RJF,0000720005,2025-01-29,0000720005-25-000018,rjf20241231q125earnings.htm,2.02 9.01,True,1500000000.0,Increased quarterly cash dividend on common shares 11% to $0.50 per share and authorized common stock repurchases of up to $1.5 billion ST.
CI,0001739940,2025-01-30,0001140361-25-002386,ef20042519_ex99-1.htm,2.02 9.01,True,6000000000.0,"Board of Directors declared an 8% increase in the quarterly dividend to $1.51 per share and approved an increase of $6.0 billion in incremental share repurchase authorization, bringing total authorization to $10.3 billion BLOOMFIELD, CT, January 30, 2025 – Global health company The Cigna Group (NYSE: CI) today reported 2024 results, reflecting continued strength in Evernorth Health Services, while"
CMCSA,0001166691,2025-01-30,0001166691-25-000006,ex991-12312024.htm,2.02 9.01,True,15000000000.0,Increased Share Repurchase Authorization to $15 Billion
LUV,0000092380,2025-01-30,0000092380-25-000007,er-12312024xerdoc.htm,2.02 7.01 9.01,True,750000000.0,"Announced a $750 million accelerated share repurchase program (""ASR"") under the Company's $2.5 billion share repurchase authorization Bob Jordan, President, Chief Executive Officer, & Vice Chairman of the Board of Directors, stated, ""We closed out 2024 with positive momentum from our revenue initiatives and the performance of our operation."
MO,0000764180,2025-01-30,0000764180-25-000006,mo-20250129.htm,2.02 5.02 7.01 8.01 9.01,True,1000000000.0,"On January 29, 2025, the Board authorized a new $1 billion share repurchase program."
MO,0000764180,2025-01-30,0000764180-25-000009,exhibit991financialstateme.htm,8.01 9.01,False,1000000000.0,"In January 2025, our Board authorized a new $1.0 billion share repurchase program, which we expect to complete by December 31, 2025."
PHM,0000822416,2025-01-30,0000822416-25-000003,ex-991xearningsrelease4q20.htm,2.02 8.01 9.01,True,1500000000.0,"Announces $1.5 Billion Increase to Share Repurchase Authorization ATLANTA – Jan. 30, 2025 – PulteGroup, Inc."
FN,0001408710,2025-02-03,0001408710-25-000006,fn-2025203xex991q225.htm,2.02 9.01,True,100000000.0,"Share Repurchase Program Expanded Fabrinet also announced that its Board of Directors has approved an expansion of its share repurchase program, authorizing the repurchase of up to an additional $100.0 million of Fabrinet’s ordinary shares."
CMG,0001058090,2025-02-04,0001058090-25-000008,cmg-20250204.htm,2.02 8.01 9.01,True,300000000.0,"On February 4, 2025, we announced that our Board of Directors has authorized repurchases of common stock with a total aggregate purchase price of $300 million, exclusive of commissions."
J,0000052988,2025-02-04,0000052988-25-000014,j-20250130.htm,2.02 8.01 9.01,True,1500000000.0,"Item 8.01 Other Events Share Repurchase Authorization On January 30, 2025, the Company’s Board of Directors (the ""Board"") authorized an incremental $1.5 billion share repurchase program."
PYPL,0001633917,2025-02-04,0001633917-25-000017,pypl4q-24earningsrelease.htm,2.02 9.01,True,15000000000.0,"EX-99.1 2 pypl4q-24earningsrelease.htm EX-99.1 Document PayPal Reports Fourth Quarter and Full Year 2024 Results PayPal delivered solid fourth quarter and 2024 results; begins 2025 with strong foundation for continued transformation and new $15 billion share repurchase authorization SAN JOSE, Calif., (February 4, 2025) – PayPal Holdings, Inc."
REGN,0000872589,2025-02-04,0001804220-25-000007,exhibit991q42024.htm,2.02 8.01 9.01,True,3000000000.0,"Initiation of quarterly cash dividend program, $0.88 dividend declared; additional $3.0 billion share repurchase program authorized, bringing current repurchase capacity to ~$4.5 billion"
CDW,0001402057,2025-02-05,0001402057-25-000002,cdw-20250205.htm,2.02 8.01 9.01,True,750000000.0,Share Repurchase Program The Company’s Board of Directors authorized a $750 million increase to the Company’s share repurchase program under which the Company may repurchase shares of its common stock in the open market or through privately negotiated or other transactions.
SWKS,0000004127,2025-02-05,0000004127-25-000009,swks-20250204.htm,2.02 8.01 9.01,True,2000000000.0,"Stock Repurchase Program On February 4, 2025, the board of directors of the Registrant authorized the repurchase of up to $2.0 billion of the Registrant’s common stock from time to time through February 3, 2027, on the open market or in privately negotiated transactions, in compliance with applicable securities laws and other legal requirements."
FBIN,0001519751,2025-02-06,0000950170-25-015384,fbin-20250204.htm,2.02 8.01 9.01,True,1000000000.0,"On February 4, 2025, the Board of Directors authorized the Company to repurchase up to $1 billion of shares of the Company’s outstanding common stock on the open market, in privately negotiated transactions or otherwise (including pursuant to a Rule 10b5-1 trading plan, block trades and accelerated share repurchase transactions), which share repurchase authorization will expire on February 4, 2027"
MPWR,0001280452,2025-02-06,0001437749-25-003024,mpwr20241112c_8k.htm,2.02 8.01 9.01,True,500000000.0,"Stock Repurchase Program On February 6, 2025, the Company also announced that its Board of Directors has approved a new stock repurchase program of $500 million, which will expire on February 4, 2028."
PFG,0001126328,2025-02-06,0001104659-25-010146,tm255742d1_ex99.htm,2.02 9.01,True,1500000000.0,"EX-99 2 tm255742d1_ex99.htm EXHIBIT 99 Exhibit 99 INVESTOR CONTACT : MEDIA CONTACT: Humphrey Lee 877-909-1105, lee.humphrey@principal.com Jane Slusark 515-362-0482, slusark.jane@principal.com Principal Financial Group Announces Full Year and Fourth Quarter 2024 Results as well as 2025 Outlook Raises first quarter 2025 common stock dividend, announces $1.5 billion share repurchase authorization (De"
PRLB,0001443669,2025-02-07,0001628280-25-004333,prlb-20250207.htm,2.02 7.01 9.01,True,100000000.0,"On February 7, 2025, the Company announced that its board of directors authorized the repurchase of shares of the Company's common stock from time to time on the open market or in privately negotiated purchases, at an aggregate purchase price of $100 million (the ""Stock Repurchase Program"")."
AME,0001037868,2025-02-10,0001037868-25-000008,ame-20250207.htm,8.01 9.01,False,1250000000.0,"Additionally, AMETEK's Board of Directors approved a $1.25 billion share repurchase authorization."
CSCO,0000858877,2025-02-12,0001193125-25-025114,d851168dex991.htm,2.02 9.01,True,,"Splunk continues to perform in line with our expectations on the top line, and was accretive to Q2 non-GAAP EPS, earlier than we had planned said Scott Herren, CFO of Cisco. Our strong cash flows have led us to increase our annual dividend again this year, as well as our overall share repurchase authorization. 1 GAAP Results Q2 FY 2025 Q2 FY 2024 Vs."
TTD,0001671933,2025-02-12,0001671933-25-000014,ttd-20250210.htm,2.02 5.02 8.01 9.01,True,564000000.0,"On February 12, 2025, the Company issued a press release announcing that, in January 2025, the Company’s board of directors authorized and approved an additional $564 million under its share repurchase program pursuant to which the Company may purchase its outstanding Class A Common Stock, par value $0.000001 per share (the “Class A Common Stock”), bringing the total amount for future repurchases "
WAB,0000943452,2025-02-12,0001628280-25-005014,a4q2024pressrelease.htm,2.02 7.01 9.01,True,1000000000.0,"In early December, the Board also increased our existing share repurchase authorization by $1 billion. 2025 Financial Guidance"
TSCO,0000916365,2025-02-13,0000916365-25-000050,tsco-20250212.htm,8.01 9.01,False,1000000000.0,"The Company also announced that its Board of Directors authorized a $1.0 billion increase to its existing share repurchase program, bringing the total amount authorized to $7.5 billion."
CSGP,0001057352,2025-02-18,0001057352-25-000004,q42024earningspressrelease.htm,2.02 7.01 9.01,True,500000000.0,"In February 2025, the Board of Directors of CoStar Group approved a stock repurchase program which authorizes, but does not obligate, the repurchase of up to $500 million of the Company’s common stock."
ADI,0000006281,2025-02-19,0000006281-25-000022,adi1q25ex992dividendpressr.htm,2.02 8.01 9.01,True,10000000000.0,"EX-99.2 3 adi1q25ex992dividendpressr.htm EX-99.2 Document Exhibit 99.2 Analog Devices Raises Quarterly Dividend by 8% and Increases Share Repurchase Authorization by $10 Billion WILMINGTON, Mass.--Feb. 18, 2025--Analog Devices, Inc."
TRMB,0000864749,2025-02-19,0000864749-25-000023,trmb-20250218.htm,2.02 8.01 9.01,True,1000000000.0,"On February 18, 2025, the Board of Directors authorized the repurchase of up to $1.0 billion in shares of the Company’s common stock, effective immediately."
O,0000726728,2025-02-24,0000726728-25-000049,o-991q42024.htm,2.02 7.01 9.01,True,2000000000.0,"In February 2025, our Board of Directors authorized a share repurchase program for up to $2.0 billion in shares CEO Comments “I am pleased with our performance in 2024 as we delivered a 4.8% increase in AFFO per share, representing our 14 th consecutive year of annual AFFO per share growth,” said Sumit Roy, Realty Income's President and Chief Executive Officer."
STLD,0001022671,2025-02-25,0001104659-25-016855,tm257450d1_8k.htm,8.01 9.01,False,1500000000.0,"Other Events On February 24 , 2025, Steel Dynamics, Inc. issued a press release titled “Steel Dynamics Announces First Quarter 2025 Cash Dividend Increase of 9% and an Additional $1.5 Billion Share Repurchase Authorization.” A copy of that press release is attached hereto as Exhibit 99.1 and incorporated herein by reference."
CDNA,0001217234,2025-02-26,0001217234-25-000007,cdna-20250226_earningsrele.htm,2.02 7.01 9.01,True,50000000.0,"In February, the Board of Directors authorized a common stock repurchase program of up to $50 million of shares over a period of up to 24 months “2024 was a transformative year for CareDx, positioning the company for long-term profitable growth,” said John W."
EME,0000105634,2025-02-26,0000105634-25-000019,eme-ex991_20241231xq4.htm,2.02 9.01,True,500000000.0,"We will maintain our disciplined approach to capital allocation, focusing on organic growth, strategic acquisitions, and returning capital to shareholders.” – MORE – EMCOR Reports Fourth Quarter and Fiscal Year Results Page 4 Increases Share Repurchase Program The Company also announced that its Board of Directors has authorized an additional $500 million for the purchase of shares of its outstand"
GM,0001467858,2025-02-26,0001467858-25-000063,gm-20250226.htm,7.01 8.01 9.01,False,2000000000.0,"Under the ASR Agreements, the Company will repurchase an aggregate of $2.0 billion of the Company’s common stock (such transaction, the “ASR”) as part of the share repurchase program approved by the Company’s Board on February 24, 2025."
P,0001474432,2025-02-26,0001628280-25-008136,pstg-20250226.htm,2.02 8.01 9.01,True,250000000.0,Pure’s Audit Committee has approved incremental share repurchases of up to an additional $250 million under its stock repurchase program.
TBLA,0001840502,2025-02-26,0001140361-25-005947,ef20044101_ex99-1.htm,2.02 7.01 9.01,True,200000000.0,"In addition, we’ve increased our share repurchase authorization by up to $200 million, reinforcing our confidence in the future."
TJX,0000109198,2025-02-26,0000109198-25-000006,tjxq4fy25earningspressrele.htm,2.02 9.01,True,,The new stock repurchase program marks the 25 th program approved by the Board since 1997.
VRSK,0001442145,2025-02-26,0001437749-25-005158,ex_702488.htm,2.02 9.01,True,1000000000.0,"On February 19, 2025, our Board of Directors approved an additional share repurchase authorization of up to $1.0 billion."
DELL,0001571996,2025-02-27,0001571996-25-000014,exhibit991earnings8kq4fy25.htm,2.02 8.01 9.01,True,10000000000.0,Announcing a cash dividend increase of 18% and $10 billion increase in share repurchase authorization
KR,0000056873,2025-03-06,0001104659-25-021187,tm258221d1_ex99-1.htm,2.02 9.01,True,7500000000.0,The ASR is being completed under Kroger’s $7.5 billion share repurchase authorization.
NXPI,0001413447,2025-03-06,0001413447-25-000021,nxpi-20250306.htm,8.01,False,,"A copy of the Company's press release announcing the dividend payment and additional share repurchase authorization is attached as Exhibit 99.1 to this Current Report on Form 8-K, and is incorporated by reference herein."
AMAL,0001823608,2025-03-10,0001823608-25-000019,amal-20250310.htm,8.01 9.01,False,40000000.0,"(the “Company”) authorized a new share repurchase program (the ""2025 Share Repurchase Program"") that allows the Company to repurchase up to $40 million of its common stock, par value $0.01 per share."
KEY,0000091576,2025-03-13,0000091576-25-000042,key-20250313.htm,8.01,False,1000000000.0,"On March 13, 2025, KeyCorp (the “Company”) announced that its Board of Directors has authorized a share repurchase program pursuant to which KeyCorp may purchase up to $1.0 billion of KeyCorp common shares."
OLLI,0001639300,2025-03-19,0001140361-25-009360,ef20045708_8k.htm,2.02 8.01 9.01,True,300000000.0,"On March 19, 2025, the Company announced that the Board of Directors of the Company (the “Board of Directors”) authorized a new share repurchase authorization for the repurchase of an additional $300 million of the Company’s outstanding common stock."
CTSH,0001058290,2025-03-25,0001058290-25-000112,ctsh-20250324.htm,7.01 9.01,False,2000000000.0,"On March 25, 2025, Cognizant Technology Solutions Corporation (the “Company”) issued a press release in advance of the Company’s Investor Day outlining the event’s agenda and announcing that the Board of Directors approved an increase of $2 billion to the amount authorized under the Company’s existing stock repurchase program."
STZ,0000016918,2025-04-09,0000016918-25-000017,stz-20250409.htm,2.02 7.01 8.01 9.01,True,4000000000.0,"On April 9, 2025, the Company’s Board of Directors authorized the repurchase of up to $4 billion of the Company’s publicly traded common stock, expiring on February 29, 2028."
FRT,0000034903,2025-04-11,0000034903-25-000028,frt-20250410.htm,7.01 9.01,False,,"On April 10, 2025, Federal Realty Investment Trust (the “Company”) announced that its Board of Trustees approved a new common share repurchase program."
GS,0000886982,2025-04-14,0001193125-25-079625,d750054dex991.htm,2.02 7.01 9.01,True,40000000000.0,"During the quarter, the Board approved a share repurchase program authorizing repurchases of up to $40 billion of common stock. 3 ◾ Global core liquid assets 3 averaged $441 billion for the first quarter of 2025, compared with an average of $422 billion for the fourth quarter of 2024."
DHI,0000882184,2025-04-17,0000882184-25-000018,a3312025exhibit991.htm,2.02 9.01,True,5000000000.0,New share repurchase authorization of $5.0 billion D.R.
HBAN,0000049196,2025-04-17,0000049196-25-000029,hban20250331_8kex991.htm,2.02 9.01,True,1000000000.0,"The Board of Directors approved a $1 billion share repurchase authorization. 1 COLUMBUS, Ohio – Huntington Bancshares Incorporated (Nasdaq: HBAN) reported net income for the 2025 first quarter of $527 million, or $0.34 per common share, a decrease of $3 million from the prior quarter, and an increase of $108 million, or 26%, from the year-ago quarter."
EFX,0000033185,2025-04-22,0000033185-25-000035,exhibit99120250331.htm,2.02 9.01,True,3000000000.0,"Authorizes New $3 Billion Share Repurchase Program and 28% Dividend Increase ATLANTA, APRIL 22, 2025 -- Equifax ® (NYSE: EFX) today announced financial results for the quarter ended March 31, 2025."
SYF,0001601712,2025-04-22,0001601712-25-000138,earningsrelease1q25.htm,2.02 9.01,True,802000000.0,"Excluding the $802 million post-tax impact of the Pets Best gain on sale in the prior year, first quarter 2024 adjusted net earnings were $491 million, or $1.18 per diluted share.*** The Company also announced that its Board of Directors approved a new capital plan that included an incremental share repurchase authorization of $2.5 billion through June 30, 2026, and increased the quarterly cash di"
CMG,0001058090,2025-04-23,0001058090-25-000028,cmg-20250423.htm,2.02 8.01 9.01,True,400000000.0,"On April 23, 2025, we announced that our Board of Directors has authorized repurchases of common stock with a total aggregate purchase price of $400 million, exclusive of commissions."
LVS,0001300514,2025-04-23,0001300514-25-000089,lvs_ex991x03312025.htm,2.02 9.01,True,2000000000.0,"LVS Board of Directors Increased Stock Repurchase Authorization to $2.0 billion LAS VEGAS, April 23, 2025 - Las Vegas Sands (NYSE: LVS), the leading global developer and operator of Integrated Resorts, today reported financial results for the quarter ended March 31, 2025."
URI,0001067701,2025-04-23,0001067701-25-000019,uri-3312025xex991.htm,2.02 7.01 8.01 9.01,True,1500000000.0,"(NYSE: URI) today announced financial results for the first quarter of 2025, reaffirmed its 2025 full-year guidance and announced that its Board of Directors has approved a new $1.5 billion share repurchase program."
AMP,0000820027,2025-04-24,0000820027-25-000040,q12025er.htm,2.02 9.01,True,4500000000.0,"Minneapolis, MN NYSE: AMP April 24, 2025 Ameriprise Financial Reports First Quarter 2025 Results Earnings Per Diluted Share Return on Equity, ex AOCI (1) Q1 2025 Q1 2025 GAAP $5.83 GAAP 43.2% Adjusted Operating $9.50 Adjusted Operating 52.0% Authorized New $4.5 Billion Share Repurchase Program Raised Quarterly Dividend 8 Percent"
SBAC,0001034054,2025-04-28,0001193125-25-100556,d788453dex991.htm,2.02 9.01,True,1500000000.0,"In addition, today we are announcing that our Board of Directors has approved a new $1.5 billion share repurchase authorization, providing us with the opportunity and flexibility to continue returning capital to our shareholders."
TER,0000097210,2025-04-29,0000950170-25-059568,ter-ex99_1.htm,2.02 9.01,True,1000000000.0,"Board of Directors approves $1B share repurchase program Q1'25 Q1'24 Q4'24 Revenue (mil) $ 686 $ 600 $ 753 GAAP EPS $ 0.61 $ 0.40 $ 0.90 Non-GAAP EPS $ 0.75 $ 0.51 $ 0.95 NORTH READING, Mass. – April 28, 2025 – Teradyne, Inc ."
V,0001403161,2025-04-29,0001403161-25-000035,q22025earningsrelease.htm,2.02 8.01 9.01,True,30000000000.0,"The board of directors authorized a new $30.0B multi-year share repurchase program Income Statement Summary In billions, except percentages and per share data. % change is calculated over the comparable prior-year period."
GEHC,0001932393,2025-04-30,0001932393-25-000013,gehc-20250430.htm,2.02 8.01 9.01,True,1000000000.0,"On April 30, 2025, the Board of Directors of GE HealthCare authorized a share repurchase program (the “program”) pursuant to which GE HealthCare may repurchase up to $1.0 billion of its common stock."
HOOD,0001783879,2025-04-30,0001783879-25-000144,q12025robinhoodexhibit991.htm,2.02 9.01,True,927000000.0,"EX-99.1 2 q12025robinhoodexhibit991.htm EX-99.1 Document Robinhood Reports First Quarter 2025 Results Revenues up 50% year-over-year to $927 million Net Deposits grow to a record $18.0 billion, and Robinhood Gold Subscribers reached a record 3.2 million Net Income up 114% year-over-year to $336 million Diluted EPS up 106% year-over-year to $0.37 Board of directors increases share repurchase author"
KLAC,0000319201,2025-04-30,0000319201-25-000009,klac-20250430.htm,2.02 8.01 9.01,True,5000000000.0,"Also, on April 30, 2025, the Board approved a new share repurchase program that authorizes the repurchase of up to $5 billion of shares of the Company’s common stock."
MGM,0000789570,2025-04-30,0000789570-25-000019,mgmex991q12025earningrelea.htm,2.02 8.01 9.01,True,2000000000.0,Board of Directors authorized a new $2 billion share repurchase program
POOL,0000945841,2025-04-30,0000945841-25-000078,pool-20250430.htm,5.07 7.01 9.01,False,,"(d) Exhibits 99.1 Press release issued by Pool Corporation on April 30, 2025, announcing additional authorization under the share repurchase program, the declaration of an increased quarterly cash dividend and the voting results of its annual meeting. 104 Cover Page Interactive Data File (embedded within the Inline XBRL document) SIGNATURE Pursuant to the requirements of the Securities Exchange Ac"
AIT,0000109563,2025-05-01,0000109563-25-000036,a8k5012025releaseexhibit991.htm,2.02 9.01,True,,Announces Bolt-on Automation Acquisition & New Repurchase Authorization
APG,0001796209,2025-05-01,0001628280-25-021336,apg-20250331xexx991.htm,2.02 9.01,True,270000000.0,Adjusted EBITDA of $260 to $270 million New Share Repurchase Authorization The Company announced that its Board of Directors has authorized a new share repurchase program to purchase up to $1 billion of shares of the Company’s common stock.
BLDR,0001316835,2025-05-01,0000950170-25-061436,bldr-ex99_2.htm,2.02 8.01 9.01,True,500000000.0,"EX-99.2 3 bldr-ex99_2.htm EX-99.2 EX-99.2 For Immediate Release Builders FirstSource Announces $500 Million Share Repurchase Authorization May 1, 2025 (Irving, TX) – Builders FirstSource, Inc."
DAL,0000027904,2025-05-01,0001683168-25-003028,delta_8k.htm,7.01,False,1000000000.0,"(“Delta”) announced that its Board of Directors has authorized a $1 billion share repurchase program to be completed no later than June 30, 2028."
DXCM,0001093557,2025-05-01,0001093557-25-000111,dxcm-20250501.htm,2.02 8.01 9.01,True,750000000.0,"On May 1, 2025, Dexcom announced that its Board of Directors authorized and approved a share repurchase program of up to $750.0 million of Dexcom’s outstanding common stock, par value $0.001 per share (“Common Stock”), with a repurchase period ending no later than June 30, 2026 (the “Share Repurchase Program”)."
GDDY,0001609711,2025-05-01,0001609711-25-000075,gddyex991-20250331xq1earni.htm,2.02 9.01,True,3000000000.0,"EX-99.1 2 gddyex991-20250331xq1earni.htm EX-99.1 Document news release GoDaddy Reports First Quarter 2025 Financial Results Company builds on its track record of profitable growth, strong cash generation Repurchases over 25% of its fully diluted shares outstanding since 2022 Announces new multi-year $3 billion repurchase authorization TEMPE, Ariz., May 1, 2025 /PRNewswire/ - GoDaddy Inc."
IR,0001699150,2025-05-01,0001628280-25-021577,ir2025q1ex991.htm,2.02 9.01,True,1000000000.0,The Board has authorized a $1 billion increase to the Company’s share repurchase program.
APG,0001796209,2025-05-02,0001628280-25-021778,apg-20250502_d2.htm,8.01 9.01,False,,"(c) Share Repurchase Program Authorization In April 2025, the Company announced that its Board of Directors has authorized a new share repurchase program to purchase up to $1,000 of shares of the Company’s common stock."
DD,0001666700,2025-05-02,0001666700-25-000021,dd-20250502_d2.htm,8.01 9.01,False,2000000000.0,The completion of the $ 2 B ASR Transaction effectively completes the $ 5 B Share Buyback Program and the Company's stock repurchase authorization.
ALGN,0001097149,2025-05-06,0001097149-25-000030,algn-20250506.htm,7.01 9.01,False,,(the “Company”) announced that its Board of Directors has authorized a new stock repurchase program.
ANET,0001596532,2025-05-06,0001596532-25-000103,anet-20250501.htm,2.02 5.02 8.01 9.01,True,1500000000.0,"Share repurchase plan On May 2, 2025, the Company’s board of directors authorized a $1.5 billion stock repurchase program (the “Repurchase Program”)."
CF,0001324404,2025-05-07,0001324404-25-000013,cf-05072025_ex991xearnings.htm,2.02 9.01,True,312000000.0,"Reports First Quarter 2025 Net Earnings of $312 Million, Adjusted EBITDA of $644 Million Outstanding Operations, Positive Global Nitrogen Environment Drive Strong Q1 2025 Performance Announced FID for Blue Point Joint Venture Low-Carbon Ammonia Production Facility Board Authorizes Additional $2 Billion Share Repurchase Program Through 2029 NORTHBROOK, Ill.—May 7, 2025—CF Industries Holdings, Inc."
TECH,0000842023,2025-05-07,0001558370-25-006594,tech-20250507xex99d2.htm,2.02 8.01 9.01,True,500000000.0,Future cash dividends will be considered by the Board of Directors on a quarterly basis. ​ Bio-Techne also announced this week that its board of directors has approved a new share repurchase program authorizing the repurchase of up to $500 million of common stock.
Z,0001617640,2025-05-07,0001617640-25-000062,exhibit993.htm,2.02 9.01,True,1000000000.0,"On May 2, 2025, the Board authorized the repurchase of up to an additional $1 billion of our Class A common stock, Class C capital stock, or a combination thereof."
FRT,0000034903,2025-05-08,0000034903-25-000036,frt-3312025xex991.htm,2.02 9.01,True,300000000.0,"Share Repurchase Program On April 10, 2025, we announced that our Board of Trustees had approved a new common share repurchase program, under which we may purchase up to $300.0 million of our outstanding common shares of beneficial interest, $0.01 par value per share from time to time using a variety of methods, including open market, privately negotiated transactions or otherwise."
CDNS,0000813672,2025-05-12,0000813672-25-000061,cdns-20250508.htm,5.07 8.01,False,1500000000.0,"On May 8, 2025, the board of directors of Cadence approved the repurchase of up to an additional $1.5 billion of the Company’s common stock under its existing share repurchase program."
NWS,0001564708,2025-05-13,0001564708-25-000266,nws-20250513_d2.htm,8.01 9.01,False,1000000000.0,Issuer Purchases of Equity Securities The Company’s Board of Directors (the “Board of Directors”) has authorized a Repurchase Program to purchase up to $1 billion in the aggregate of the Company’s outstanding Class A Common Stock and Class B Common Stock.
VMRK,0000906107,2025-05-15,0000950170-25-072055,eqr-20250515.htm,1.01 7.01 9.01,False,,"The Company also maintains a share repurchase program with authorization for the repurchase of up to 13,000,000 common shares."
DECK,0000910521,2025-05-22,0000910521-25-000013,deckex991pressrelease-3312.htm,2.02 5.02 7.01 9.01,True,2500000000.0,"SHARE REPURCHASE AUTHORIZATION INCREASED TO $2.5 BILLION Goleta, California (May 22, 2025) -- Deckers Brands (NYSE: DECK), a global leader in designing, marketing, and distributing innovative footwear, apparel, and accessories, today announced financial results for the fourth fiscal quarter and full fiscal year ended March 31, 2025."
RL,0001037038,2025-05-22,0001037038-25-000010,rl-20250329xex991xpressrel.htm,2.02 9.01,True,1500000000.0,Board of Directors Approves 10% Dividend Increase and $1.5 Billion Expansion of Existing Share Repurchase Program
STX,0001137789,2025-05-22,0001137789-25-000084,stx-20250521.htm,8.01,False,5000000000.0,"Emerging growth company ☐ If an emerging growth company, indicate by check mark if the registrant has elected not to use the extended transition period for complying with any new or revised financial accounting standards provided pursuant to Section 13(a) of the Exchange Act. ☐ Item 8.01 Other Events On May 21, 2025, the board of directors of Seagate Technology Holdings plc (the ""Company"") approve"
WDAY,0001327811,2025-05-22,0001327811-25-000105,wday-20250522.htm,2.02 8.01 9.01,True,1000000000.0,"Section 8 – Other Events Item 8.01 – Other Events On May 22, 2025, Workday announced that its Board of Directors authorized the repurchase of up to $1.0 billion of Workday’s outstanding shares of Class A common stock (the “May 2025 Share Repurchase Program”)."
LYB,0001489393,2025-05-23,0001489393-25-000028,lyb-20250523.htm,5.07 8.01,False,,"As discussed under Item 5.07 above, at the Annual Meeting, the Company’s shareholders approved a new share repurchase program authorizing the Company to repurchase up to 10% of the Company’s issued share capital as of the date of the Annual Meeting, or 34,042,250 shares, until November 23, 2026."
CDNA,0001217234,2025-06-03,0001193125-25-134150,d936250d8k.htm,7.01 8.01 9.01,False,50000000.0,"On May 30, 2025, the Board of Directors (the “Board”) of CareDx authorized a common stock repurchase program of up to $50 million in shares for up to 24 months from June 5, 2025."
CRWD,0001535527,2025-06-03,0001535527-25-000017,crwd-20250603.htm,2.02 8.01 9.01,True,1000000000.0,"On June 3, 2025, the Company announced that the Board of Directors has approved the repurchase of up to $1.0 billion of the Company’s common stock (the “Share Repurchase Program”)."
MDB,0001441816,2025-06-04,0001441816-25-000116,mdb-43025xex991xrelease.htm,2.02 9.01,True,200000000.0,"This is in addition to the $200 million buyback announced last quarter, bringing the total authorization to $1 billion."
DOCU,0001261333,2025-06-05,0001261333-25-000073,q126ex-991er.htm,2.02 9.01,True,1000000000.0,Increase to Stock Repurchase Program: ▪ Docusign's board of directors has authorized an increase to its existing stock repurchase program of an additional amount of up to $1.0 billion of Docusign’s outstanding common stock.
CFG,0000759944,2025-06-13,0000759944-25-000093,cfg2025sharerepurchaseprog.htm,7.01 9.01,False,1500000000.0,"Announces an Increase in Share Repurchase Authorization to $1.5 billion PROVIDENCE, R.I. – Citizens Financial Group, Inc."
FITB,0000035527,2025-06-16,0000035527-25-000144,release2q25sharerepurchase.htm,8.01 9.01,False,,"The new repurchase authorization does not have an expiration date, does not include specific price targets, may be executed through open market purchases or one or more private negotiated transactions, including Rule 10b5-1 programs, and may be suspended at any time."
DRI,0000940944,2025-06-20,0000940944-25-000028,dri-20250613.htm,2.02 5.02 9.01,True,1000000000.0,Authorizes New $1 Billion Share Repurchase Program;
KR,0000056873,2025-06-20,0001104659-25-060909,tm2518164d1_ex99-1.htm,2.02 9.01,True,7500000000.0,The ASR is being completed under Kroger’s $7.5 billion share repurchase authorization.
JPM,0000019617,2025-07-01,0000019617-25-000509,jpmc2025ccarresultsex99.htm,8.01 9.01,False,,"PRESS RELEASE DATED JULY 1, 2025 Document Exhibit 99 JPMorgan Chase & Co. 383 Madison Avenue, New York, NY 10179-0001 NYSE symbol: JPM www.jpmorganchase.com News release: IMMEDIATE RELEASE JPMorganChase Plans Dividend Increase and Has Authorized a New Common Share Repurchase Program New York, July 1, 2025 – JPMorgan Chase & Co."
MS,0000895421,2025-07-01,0000950103-25-008285,dp230991_ex9901.htm,8.01 9.01,False,20000000000.0,"EX-99.1 2 dp230991_ex9901.htm EXHIBIT 99.1 Exhibit 99.1 July 1 , 2025 Morgan Stanley Announces 7.5 Cents Dividend Increase and Authorization of a Renewed $20 Billion Multi-Year Common Equity Share Repurchase Program NEW YORK - Morgan Stanley (NYSE: MS) announced that it will increase its quarterly common stock dividend to $1.00 per share from the current $0.925 per share, beginning with the common"
DLTR,0000935703,2025-07-09,0000935703-25-000041,dltr-20250709.htm,8.01 9.01,False,2500000000.0,(the “Company”) approved a share repurchase authorization in an aggregate amount of $2.5 billion.
NWS,0001564708,2025-07-15,0001564708-25-000379,nws-20250715.htm,7.01 8.01 9.01,False,1000000000.0,"On July 15, 2025, the Company announced that the Board of Directors of the Company authorized a new $1 billion stock repurchase program for the Company’s Class A common stock, par value $0.01 per share, and the Company’s Class B common stock, par value $0.01 per share."
FITB,0000035527,2025-07-17,0000035527-25-000151,q22025earningsrelease.htm,2.02 7.01 9.01,True,,The new repurchase authorization does not have an expiration date and may be executed through open market purchases or private negotiated transactions. 9 Tax Rate The effective tax rate for the quarter was 22.2% compared with 21.2% in the prior quarter and 21.3% in the year-ago quarter.
BAC,0000070858,2025-07-23,0000070858-25-000257,bac-20250723.htm,8.01 9.01,False,40000000000.0,"On July 23, 2025, Bank of America Corporation (the “Corporation”) issued a press release (the “Press Release”) announcing that the Corporation’s Board of Directors (the “Board”) authorized the Corporation's $40 billion common stock repurchase program, effective August 1, 2025, to replace the Corporation’s current common stock repurchase program authorized by the Board on July 24, 2024, which will "
CMG,0001058090,2025-07-23,0001058090-25-000055,cmg-20250723.htm,2.02 8.01 9.01,True,400000000.0,"On July 23, 2025, we announced that our Board of Directors has authorized repurchases of common stock with a total aggregate purchase price of $400 million, exclusive of commissions."
LUV,0000092380,2025-07-23,0000092380-25-000131,luv-20250723.htm,2.02 7.01 9.01,True,2000000000.0,The Registrant is announcing today that its Board of Directors has authorized a new $2.0 billion share repurchase program.
TDY,0001094285,2025-07-23,0001094285-25-000120,tdy-20250722.htm,2.02 8.01 9.01,True,2000000000.0,"Item 8.01 Other Events On July 22, 2025, The Board of Directors of Teledyne authorized a new stock repurchase program to repurchase up to $2.0 billion of Teledyne's Common Stock."
URI,0001067701,2025-07-23,0001628280-25-035758,uri-20250723.htm,2.02 7.01 8.01 9.01,True,1500000000.0,"On July 23, 2025, the Company announced that its Board of Directors approved, after consideration of the expected cash flow benefit associated with newly enacted federal tax legislation, an increase in the size of the Company's current share repurchase program, from $1.5 billion to $2.0 billion."
WY,0000106535,2025-07-24,0000950170-25-098338,wy-ex99_1.htm,2.02 9.01,True,1000000000.0,Completed prior $1 billion share repurchase program and announced new $1 billion authorization in second quarter 2025
NTRS,0000073124,2025-07-28,0000073124-25-000232,ntrs-20250722.htm,8.01 9.01,False,2500000000.0,"Other Events On July 28, 2025, Northern Trust Corporation (the “Corporation”) issued a press release announcing that the Corporation’s Board of Directors approved a new common stock repurchase authorization (the “New Stock Repurchase Authorization”) authorizing, but not obligating, the repurchase of up to $2.5 billion of the Corporation’s outstanding shares of common stock from time to time ."
BMNR,0001829311,2025-07-29,0001493152-25-011466,form8-k.htm,1.01 7.01 9.01,False,,"(the “ Company ”) approved a share repurchase program (the “ 2025 Repurchase Program ”) providing for the repurchase of up to $1,000,000,000 of the Company’s outstanding shares of common stock, par value $0.0001 per share (the “ Common Stock ”)."
MGM,0000789570,2025-07-30,0000789570-25-000032,mgmex991q22025earningrelea.htm,2.02 9.01,True,2100000000.0,We still have approximately $2.1 billion in our authorized share repurchase program and continue to see significant value in our stock at current prices.” Second Quarter 2025 Financial Highlights: Consolidated Results
ROKU,0001428439,2025-07-31,0001428439-25-000035,wk-20250728.htm,2.02 5.02 8.01 9.01,True,400000000.0,"On July 31, 2025, the Company announced in its Shareholder Letter that its Board of Directors has approved a stock repurchase program with authorization to purchase up to $400 million of its Class A common stock through December 31, 2026."
MELI,0001099590,2025-08-01,0001099590-25-000038,meli-20250801.htm,8.01,False,,"Approval of Stock Repurchases On July 29, 2025, the Board authorized the Company to repurchase Common Stock for an aggregate consideration of up to $4,050,000 (the “Share Repurchase Program”)."
FANG,0001539838,2025-08-04,0001539838-25-000124,diamondbackex991-8x4x25.htm,2.02 9.01,True,2000000000.0,"On July 31st, the Company's Board of Directors approved a $2.0 billion increase to the share repurchase authorization to $8.0 billion from $6.0 billion previously, leaving approximately $3.5 billion of current availability for future repurchases UPDATED 2025 GUIDANCE HIGHLIGHTS"
FOX,0001754301,2025-08-05,0001628280-25-037611,foxq42025earningsrelease.htm,2.02 9.01,True,5000000000.0,"Underscoring our confidence in the trajectory of the business, this morning we announced a $5 billion increase to our share repurchase authorization and an increase in our semi-annual dividend to $0.28 per share."" FOURTH QUARTER COMPANY RESULTS The Company reported total quarterly revenues of $3.29 billion, an increase of $195 million or 6% from the amount reported in the prior year quarter."
IFF,0000051253,2025-08-05,0000051253-25-000040,iff-20250805.htm,2.02 8.01 9.01,True,500000000.0,"Item 8.01 Other Events On August 5, 2025, the Company announced that the Board authorized a share repurchase program (the “2025 Program”) under which the Company may repurchase up to $500 million of its outstanding common stock."
IT,0000749251,2025-08-05,0000749251-25-000044,it-20250731.htm,2.02 7.01 9.01,True,700000000.0,"Share Repurchase Authorization On July 31, 2025, the Company’s Board of Directors authorized incremental share repurchases of up to an additional $700.0 million of Gartner’s common stock."
UBER,0001543151,2025-08-06,0001543151-25-000020,uberq225earningspressrelea.htm,2.02 8.01 9.01,True,2100000000.0,"Adjusted EBITDA of $2.1 billion, up 35% year-over-year Operating cash flow of $2.6 billion and Free cash flow of $2.5 billion (1) New $20 billion share repurchase authorization SAN FRANCISCO – August 6, 2025 – Uber Technologies, Inc."
FLEX,0000866374,2025-08-07,0000866374-25-000045,flex-20250806.htm,5.07 8.01,False,1700000000.0,"The Company announced that it has received shareholder approval to purchase up to 20% of the Company’s issued and outstanding Ordinary Shares, and the Company’s Board of Directors has authorized management to continue its share repurchase plan for the Company’s issued Ordinary Shares in an aggregate amount not to exceed $1.7 billion."
PRMB,0002042694,2025-08-07,0001279569-25-000835,ex991.htm,2.02 9.01,True,250000000.0,"SHARE REPURCHASE PROGRAM Primo Brands today announced that its Board of Directors has authorized a share repurchase program of up to $250 million of the Company’s outstanding Class A common stock, enabling the Company to opportunistically return value to stockholders."
TRGP,0001389170,2025-08-07,0001193125-25-174913,trgp-20250807.htm,2.02 7.01 8.01 9.01,True,1000000000.0,"On August 4, 2025, the Company’s Board of Directors approved a new share repurchase program (the “2025 Share Repurchase Program”) for the repurchase of up to $1.0 billion of the Company’s outstanding common stock."
TSN,0000100493,2025-08-07,0000100493-25-000079,tsn-20250807.htm,5.02 7.01,False,,"Item 7.01 Regulation FD Disclosure On August 7, 2025, the Company issued a press release which announced, among other things, that the Board had approved, effective that same day, an increase of 43 million shares authorized for repurchase under its share repurchase program."
TPR,0001116132,2025-08-14,0001140361-25-031018,ef20053800_ex99-1.htm,2.02 9.01,True,800000000.0,"Share Repurchases : In addition to the completion of the ASR as noted, Tapestry expects to buy back $800 million in common stock in the fiscal year under its existing share repurchase authorization."
SFM,0001575515,2025-08-19,0001575515-25-000230,sfm-20250813.htm,8.01 9.01,False,1000000000.0,(the “Company”) approved a new share repurchase authorization in the amount of $1 billion.
NDSN,0000072331,2025-08-20,0000072331-25-000112,ndsn-20250820.htm,2.02 7.01 8.01 9.01,True,500000000.0,"On August 18, 2025, the Board of Directors of Nordson Corporation (the “Company”) authorized the repurchase of an additional $500 million of the Company’s outstanding common shares."
INTU,0000896878,2025-08-21,0000896878-25-000031,fy25q4earningspressrelease.htm,2.02 8.01 9.01,True,3200000000.0,"The Board approved a new $3.2 billion repurchase authorization, giving the company a total authorization of $5.3 billion to repurchase shares."
FTNT,0001262039,2025-08-22,0001262039-25-000033,ftnt-20250821.htm,8.01,False,1000000000.0,"(“Fortinet”) (i) authorized an increase of Fortinet’s share repurchase program by $1 billion worth of shares of common stock for an aggregate authorized repurchase amount of up to $9.25 billion and (ii) extended the share repurchase program from February 28, 2026 to February 28, 2027."
UI,0001511737,2025-08-22,0001511737-25-000055,ui-20250821.htm,2.02 8.01 9.01,True,500000000.0,"On August 21, 2025, the Board of Directors of the Company approved a $500 million stock repurchase program (the “2025 August Program”)."
LOGI,0001032975,2025-08-27,0001032975-25-000062,exhibit31lisaaoi-aftercapi.htm,5.03 9.01,False,,"The Board of Directors shall be authorized within the capital band to (i) increase or decrease the share capital once or several times and in any amounts or (ii) acquire (including based on a share repurchase program approved by the Board of Directors) shares directly or indirectly, until September 13, 2028 or until an earlier expiration of the capital band."
NVDA,0001045810,2025-08-27,0001045810-25-000207,q2fy26cfocommentary.htm,2.02 9.01,True,60000000000.0,"On August 26, 2025, our Board of Directors approved an additional $60.0 billion to our share repurchase authorization, without expiration."
STZ,0000016918,2025-09-02,0000016918-25-000132,stzex991_922025guidanceupd.htm,2.02 7.01 9.01,True,604000000.0,"Through the first half of this fiscal year we have executed $604 million (1) in share repurchases under our three-year $4 billion share repurchase authorization.” “Looking at our second quarter, we expect inventory rebalancing at the distributor level to reflect softer consumer trends, and to occur earlier than is typical for our Beer Business."
CRM,0001108524,2025-09-03,0001108524-25-000083,crm-20250903.htm,2.02 8.01 9.01,True,20000000000.0,"On September 3, 2025, the Company announced an increase of $20.0 billion in the amount authorized for repurchases under the Share Repurchase Program."
ACGL,0000947484,2025-09-05,0000947484-25-000071,acgl-20250904.htm,8.01,False,2000000000.0,"(the “Company”) increased its authorization for its existing share repurchase program by $2.0 billion, which, as in the past, may be effected from time to time in open market or privately negotiated transactions."
KEX,0000056047,2025-09-08,0000950170-25-113520,kex-20250908.htm,8.01 9.01,False,,"On September 8, 2025, the Board of Directors of Kirby Corporation (the “Company”) authorized the repurchase of up to an additional 8,000,000 shares of the Company’s common stock under the Company’s existing share repurchase authorization (the “Repurchase Authorization”)."
DHR,0000313616,2025-09-10,0000313616-25-000178,dhr-20250909.htm,5.03 8.01 9.01,False,,"ITEM 8.01 OTHER EVENTS On September 9, 2025 , the Board of Directors of the Company approved a new share repurchase program authorizing the repurchase of up to 35 million shares of the Company’s common stock from time to time on the open market (including through the use of trading plans intended to qualify under Rule 10b5-1 under the Exchange Act of 1934, as amended), in privately negotiated tran"
TPR,0001116132,2025-09-10,0001140361-25-034501,ef20055316_8k.htm,7.01 8.01 9.01,False,3000000000.0,"On September 10, 2025, the Company announced that its Board of Directors had authorized the repurchase of up to $3.00 billion of its outstanding common stock."
KR,0000056873,2025-09-11,0001104659-25-089265,tm2525596d1_ex99-1.htm,2.02 9.01,True,7500000000.0,The ASR is being completed under Kroger’s $7.5 billion share repurchase authorization.
IT,0000749251,2025-09-12,0000749251-25-000048,it-20250910.htm,8.01,False,1000000000.0,(the “Company” or “Gartner”) authorized incremental share repurchases of up to an additional $1.0 billion of Gartner’s common stock.
CMG,0001058090,2025-09-15,0001058090-25-000075,cmg-20250903.htm,7.01,False,500000000.0,"(“Chipotle”) announced that its Board of Directors, on September 3, 2025, had authorized an additional $500 million for share repurchases."
RL,0001037038,2025-09-16,0000950142-25-002436,eh250677838_ex9901.htm,7.01 9.01,False,2000000000.0,"The Company expects to continue returning excess free cash flow to shareholders over the next three years, with plans to return at least $2 billion on a cumulative basis through Fiscal 2028 through its regular quarterly cash dividends and share repurchases, subject to the authorization of its Board of Directors and overall business and market conditions."
WDAY,0001327811,2025-09-17,0001327811-25-000190,wday-20250916.htm,8.01,False,4000000000.0,"Emerging growth company ☐ If an emerging growth company, indicate by check mark if the registrant has elected not to use the extended transition period for complying with any new or revised financial accounting standards provided pursuant to Section 13(a) of the Exchange Act. ☐ Section 8 – Other Events Item 8.01 – Other Events On September 16, 2025, Workday announced that its Board of Directors au"
IEX,0000832101,2025-09-18,0000832101-25-000034,iex-20250917.htm,7.01 8.01 9.01,False,635000000.0,"On September 17, 2025, the Board of Directors of IDEX Corporation (the “Company”) authorized the repurchase of an additional $635 million of the Company’s common shares."
MRVL,0001835632,2025-09-24,0001193125-25-214314,d19206d8k.htm,8.01 9.01,False,5000000000.0,(the “Company”) announced that its Board of Directors authorized a $5 billion addition to the balance of its existing stock repurchase program.
BF.B,0000014693,2025-10-02,0000014693-25-000098,bfb-20251002.htm,7.01 8.01 9.01,False,400000000.0,"On October 1, 2025, the Board of Directors (the “Board”) of the Company approved a share repurchase program for up to $400 million of the Company’s outstanding Class A and Class B common stock (the “Stock”) commencing on October 1, 2025, through October 1, 2026 (the “Repurchase Program”), subject to market and other conditions."
LOGI,0001032975,2025-10-02,0001032975-25-000071,exhibit31lisaaoi-capitalba.htm,3.01,False,,"The Board of Directors shall be authorized within the capital band to (i) increase or decrease the share capital once or several times and in any amounts or (ii) acquire (including based on a share repurchase program approved by the Board of Directors) shares directly or indirectly, until September 9, 2030 or until an earlier expiration of the capital band."
AZO,0000866787,2025-10-08,0001171843-25-006358,f8k_100825.htm,5.02 8.01 9.01,False,1500000000.0,"Also on October 8, 2025, the Company issued a press release announcing that the Board has authorized the repurchase of an additional $1.5 billion of the Company’s common stock in connection with its ongoing share repurchase program."
HPE,0001645590,2025-10-15,0001645590-25-000111,hpe-20251015.htm,2.02 7.01 9.01,True,3000000000.0,"Share Repurchase Authorization Increase On October 15, 2025, the Company announced that its Board of Directors has approved an increase of $3 billion in the amount authorized under the Company’s share repurchase program."
SYF,0001601712,2025-10-15,0001601712-25-000256,earningsrelease3q25.htm,2.02 9.01,True,1000000000.0,"In September, the Company’s Board approved an incremental share repurchase authorization of $1.0 billion."
COF,0000927628,2025-10-21,0000927628-25-000267,cof-20251020.htm,2.02 8.01 9.01,True,16000000000.0,"On October 20, 2025, the Company authorized the repurchase of up to $16 billion of shares of its common stock."
EPAM,0001352010,2025-10-21,0001352010-25-000050,epam-20251016.htm,8.01 9.01,False,1000000000.0,"On October 21, 2025, EPAM issued a press release announcing that its Board of Directors approved a common stock repurchase program, authorizing EPAM to repurchase up to $1 billion of EPAM Systems, Inc. common stock."
LMT,0000936468,2025-10-21,0001628280-25-045582,ex991q32025.htm,2.02 9.01,True,2000000000.0,Increased share repurchase authority by $2 billion to a total authorization of $9 billion
LUV,0000092380,2025-10-22,0000092380-25-000138,er-9302025xerdoc.htm,2.02 7.01 9.01,True,439000000.0,"The Company returned $439 million to its Shareholders during third quarter 2025, comprised of $189 million of dividends and $250 million of share repurchases under its current $2.0 billion share repurchase authorization"
LVS,0001300514,2025-10-22,0001300514-25-000157,lvs_ex991x09302025.htm,2.02 9.01,True,2000000000.0,LVS Board of Directors Increased Stock Repurchase Authorization to $2.0 billion
CRS,0000017843,2025-10-23,0000017843-25-000031,crs1stqtrfy2026resultsfinal.htm,2.02 9.01,True,400000000.0,"Additionally, we will discretionarily use excess cash for an approved share repurchase program up to $400.0 million of our outstanding common stock."
ROP,0000882835,2025-10-23,0000882835-25-000041,a2025q3earningsrelease.htm,2.02 9.01,True,,"Additionally, our new share repurchase authorization underscores our confidence in Roper's strategy and our ongoing commitment to create shareholder value."
RVTY,0000031791,2025-10-27,0000031791-25-000032,q32025pressrelease.htm,2.02 9.01,True,1000000000.0,"Authorizes new $1 billion share repurchase program WALTHAM, Mass. -- Revvity, Inc."
CARR,0001783180,2025-10-28,0001783180-25-000063,a3q25sharerepurchaseauthor.htm,2.02 7.01 9.01,True,5000000000.0,"EX-99.2 3 a3q25sharerepurchaseauthor.htm EX-99.2 Document Exhibit 99.2 Carrier’s Board Approves $5 Billion Share Repurchase Authorization PALM BEACH GARDENS, Fla . , October 28, 2025 – Carrier Global Corporation (NYSE: CARR), global leader in intelligent climate and energy solutions, today announced that its Board of Directors approved a $5 billion share repurchase authorization."
MSCI,0001408198,2025-10-28,0001408198-25-000194,msci-20251025.htm,2.02 8.01 9.01,True,3000000000.0,"On October 25, 2025, the Board of Directors of the Registrant authorized a new share repurchase program for the repurchase of up to an aggregate of $3.0 billion of its common stock."
UHS,0000352915,2025-10-28,0001193125-25-252399,uhs-ex99_1.htm,2.02 9.01,True,1500000000.0,"ANNOUNCES FINANCIAL RESULTS FOR THE THREE AND NINE-MONTH PERIODS ENDED SEPTEMBER 30, 2025, INCREASES 2025 FULL YEAR OPERATING RESULTS FORECAST AND ANNOUNCES $1.5 BILLION INCREASE TO STOCK REPURCHASE PROGRAM AUTHORIZATION Consolidated Results of Operations, As Reported and As Adjusted – Three-month periods ended September 30, 2025 and 2024: KING OF PRUSSIA, PA – Universal Health Services, Inc."
CHRW,0001043277,2025-10-29,0001043277-25-000050,investordayrelease102925.htm,2.02 7.01,True,2000000000.0,"Robinson Raises 2026 Operating Income Target Board of Directors Authorizes Additional $2 Billion Share Buyback EDEN PRAIRIE, MINNESOTA, October 29, 2025 — C.H."
IEX,0000832101,2025-10-29,0001628280-25-046909,iex-20250930xex991.htm,2.02 9.01,True,1000000000.0,"Increased share repurchase authorization to $1 billion NORTHBROOK, IL, October 29, 2025 - IDEX Corporation (NYSE: IEX) today announced its financial results for the three-month period ended September 30, 2025."
INVH,0001687229,2025-10-29,0001687229-25-000047,q32025supplemental.htm,2.02 9.01,True,500000000.0,"In addition, this week our Board of Directors authorized a share repurchase program under which we may acquire shares of our common stock in open market or negotiated transactions up to an aggregate purchase price of $500 million."
MTRN,0001104657,2025-10-29,0001104657-25-000186,q32025pressrelease.htm,2.02 9.01,True,50000000.0,"Board of Directors authorized a new $50 million stock repurchase program, replacing existing stock repurchase program “I am incredibly proud of our team's performance in the third quarter, with both Electronic Materials and Precision Optics achieving significant milestones."
EW,0001099800,2025-10-30,0001099800-25-000059,ex-991q32025.htm,2.02 9.01,True,2100000000.0,"The Edwards Lifesciences Board of Directors has approved an increase in the company’s share repurchase authorization, which now totals approximately $2.1 billion."
FCFS,0000840489,2025-10-30,0000840489-25-000117,fcfs-20251030.htm,2.02 8.01 9.01,True,150000000.0,"On October 30, 2025, the Company announced that the Board of Directors authorized the Company to repurchase up to $150 million shares of its common stock (the “Authorization”)."
MO,0000764180,2025-10-30,0000764180-25-000128,mo-20251029.htm,2.02 8.01 9.01,True,1000000000.0,"On October 29, 2025, Altria’s Board of Directors (“Board”) authorized the expansion of Altria’s existing share repurchase program from $1 billion to $2 billion."
TEAM,0001650372,2025-10-30,0001650372-25-000064,team-20251030.htm,2.02 5.02 8.01 9.01,True,2500000000.0,"On October 30, 2025, the Company announced, as part of the Press Release, that its Board of Directors authorized a program to repurchase up to $2.5 billion of the Company’s Class A Common Stock, to commence upon the completion of its current $1.5 billion program (the “ 2025 Share Repurchase Program ”)."
LRN,0001157408,2025-11-03,0001104659-25-105334,tm2530050d1_8k.htm,7.01 8.01 9.01,False,500000000.0,"On November 3, 2025, the Company announced the approval of a stock repurchase program that authorizes the repurchase of up to $500 million of shares of the Company’s common stock until October 31, 2026."
KIM,0000879101,2025-11-04,0001140361-25-040255,ny20058001x5_8k.htm,1.01 8.01 9.01,False,750000000.0,"New Share Repurchase Program On November 3, 2025, the Company announced that its Board of Directors (the “Board”) approved a new share repurchase program for up to $750.0 million of shares of Common Stock (the “Share Repurchase Program”), which supersedes and replaces the Company’s prior share repurchase program."
CF,0001324404,2025-11-05,0001324404-25-000028,cf-11052025_ex991xearnings.htm,2.02 9.01,True,3000000000.0,Completed $3 billion share repurchase program authorized in 2022 and commenced $2 billion share repurchase program authorized in 2025 during October 2025
EMR,0000032604,2025-11-05,0000032604-25-000079,emr-20251103.htm,2.02 8.01 9.01,True,,(the “Company”) announced that its Board of Directors has authorized the Company to repurchase up to 50 million shares of its common stock over the next several years.
DD,0001666700,2025-11-06,0001666700-25-000058,exhibit991enrschedules-3q25.htm,2.02 9.01,True,2000000000.0,"Announces Plans to Return Cash to Shareholders Exceeds 3Q 2025 Guidance for Total DuPont Raises FY 2025 Earnings Guidance for New DuPont Announces $2 Billion Share Repurchase Authorization, $500 Million Accelerated Share Repurchase and New DuPont Quarterly Dividend Third Quarter 2025 Highlights"
MTD,0001037646,2025-11-06,0001037646-25-000056,ex-991mtd8xkq32025.htm,2.02 9.01,True,,"The Company expects the additional authorization will be utilized over the next few years, and that the repurchases will be made through open-market transactions, and the amount and timing will depend on business and market conditions, stock price, trading restrictions, the level of acquisition activity, and other factors."
NRG,0001013871,2025-11-06,0001013871-25-000023,nrgq32025ex991.htm,2.02 9.01,True,3000000000.0,"Announcing new $3 billion share repurchase authorization through 2028; expect to complete $1 billion in 2026 HOUSTON — November 6, 2025 —NRG Energy, Inc."
TTD,0001671933,2025-11-06,0001671933-25-000143,ttd-20251106.htm,2.02 8.01 9.01,True,500000000.0,"On November 6, 2025, the Company issued a press release announcing that, in October 2025, the Company’s board of directors authorized and approved an additional $500 million under its share repurchase program pursuant to which the Company may purchase its outstanding Class A Common Stock, par value $0.000001 per share (the “Class A Common Stock”)."
CELH,0001341766,2025-11-10,0001193125-25-273245,d77141d8k.htm,7.01 9.01,False,300000000.0,"On November 10, 2025, Celsius Holdings, Inc., a Nevada corporation (the “ Company ”), issued a press release announcing that the Company’s Board of Directors (the “ Board ”) approved a share repurchase program, pursuant to which the Company may repurchase up to $300.0 million of shares of its common stock, par value $0.001 per share."
PRMB,0002042694,2025-11-10,0001193125-25-274602,d57116d8k.htm,8.01,False,50000000.0,"On November 9, 2025, the Board of Directors of Primo Brands Corporation (the “Company”) approved an increase of $50 million to the Company’s existing share repurchase program of $250 million, bringing the total authorization under the program to $300 million worth of shares of the Company’s Class A common stock (the “Revised Repurchase Program”)."
SPGI,0000064040,2025-11-13,0000064040-25-000175,a2025investordaypressrelea.htm,7.01 9.01,False,,Targets are as follows: ▪ Market Intelligence: 6% to 8% ▪ Ratings: 6% to 9% ▪ Energy: 6% to 8% ▪ S&P Dow Jones Indices: 10% to 12% New Accelerated Share Repurchase Transaction S&P Global today also announced that its Board of Directors has authorized a new share repurchase program of up to 30 million shares.
ACM,0000868857,2025-11-18,0001104659-25-113439,tm2531384d1_ex99-2.htm,2.02 7.01 8.01 9.01,True,645000000.0,The Company maintains $645 million of capacity under its existing Board repurchase authorization.
ORLY,0000898173,2025-11-18,0000898173-25-000060,orly-20251118x8k.htm,8.01,False,2000000000.0,"(the “Company”) approved a resolution to increase the authorization amount under its share repurchase program by an additional $2.0 billion, raising the aggregate authorization under the program to $29.75 billion."
PANW,0001327567,2025-11-19,0001327567-25-000032,panw-20251119.htm,2.02 7.01 8.01 9.01,True,1000000000.0,"On November 18, 2025, the Board of Directors of the Company approved an extension of the Company’s current repurchase authorization of $1 billion of the Company’s common stock until December 31, 2026."
WSM,0000719955,2025-11-19,0000719955-25-000043,exhibit991fy2025q3earnings.htm,2.02 9.01,True,1000000000.0,"EX-99.1 2 exhibit991fy2025q3earnings.htm EX-99.1 Document Exhibit 99.1 Williams-Sonoma, Inc. announces strong third quarter 2025 results Q3 comparable brand revenue +4.0% Q3 operating margin of 17.0%; diluted EPS of $1.96 New stock repurchase authorization of $1 billion Raises 2025 operating margin outlook San Francisco, CA, November 19, 2025 – Williams-Sonoma, Inc."
KEYS,0001601046,2025-11-24,0001601046-25-000121,exhibit991-q425pressrelease.htm,2.02 9.01,True,429000000.0,"Electronic Industrial Solutions Group (EISG) EISG reported revenue of $429 million in the fourth quarter, up 9 percent over last year, reflecting growth in broad general electronics and leading-edge semiconductor solutions. 1 Share Repurchase Program Keysight also announced today that its Board of Directors authorized a new share repurchase program for up to $1.5 billion of its common stock."
VLTO,0001967680,2025-11-25,0001967680-25-000143,vlto-20251125.htm,8.01,False,750000000.0,"OTHER EVENTS On November 25, 2025, Veralto Corporation (the “Company”) announced that its Board of Directors approved a share repurchase program authorizing the repurchase of up to $750 million of the Company’s common stock from time to time on the open market (including through the use of trading plans intended to qualify under Rule 10b5-1 under the Securities Exchange Act of 1934, as amended), i"
BF.B,0000014693,2025-12-04,0000014693-25-000107,fy26_q2xerevergreen.htm,2.02 9.01,True,400000000.0,The Brown-Forman Board of Directors authorized a $400 million share repurchase program and increased the quarterly cash dividend for the 42nd consecutive year.
KR,0000056873,2025-12-04,0001104659-25-118315,tm2532524d1_ex99-1.htm,2.02 9.01,True,7500000000.0,The ASR was completed as part of Kroger’s $7.5 billion share repurchase authorization.
RJF,0000720005,2025-12-04,0000720005-25-000095,rjf-20251203.htm,7.01 8.01 9.01,False,2000000000.0,Item 8.01 Other Events The Press Release also announced that the Board had authorized repurchase of the Company’s shares of common stock (“Common Stock”) in an aggregate amount of up to $2 billion.
TRMB,0000864749,2025-12-05,0000864749-25-000307,trmb-20251203.htm,1.01 1.02 2.03 8.01 9.01,False,1000000000.0,"On December 3, 2025, the Board of Directors authorized the repurchase of up to $1.0 billion in shares of the Company’s common stock."
ARE,0001035443,2025-12-08,0001104659-25-119298,tm2532221d1_8k.htm,5.02 8.01 9.01,False,500000000.0,"The new program replaces the current repurchase authorization for up to $500 million that was set to expire on December 31, 2025."
CMG,0001058090,2025-12-08,0001058090-25-000101,cmg-20251204.htm,7.01,False,1800000000.0,"(“Chipotle”) today announced that its Board of Directors, on December 4, 2025, had authorized an additional $1.8 billion for share repurchases."
PRU,0001137774,2025-12-10,0001193125-25-314231,d27452d8k.htm,8.01,False,,"Emerging growth company ☐ If an emerging growth company, indicate by check mark if the registrant has elected not to use the extended transition period for complying with any new or revised financial accounting standards provided pursuant to Section 13(a) of the Exchange Act. ☐ Item 8.01 Other Events Share Repurchase Authorization Today, Prudential Financial, Inc."
LULU,0001397187,2025-12-11,0001397187-25-000054,lulu-20251203.htm,2.02 5.02 8.01 9.01,True,1000000000.0,"On December 3, 2025, the board of directors approved a $1.0 billion increase to the Company's existing stock repurchase program."
TFC,0000092230,2025-12-16,0001193125-25-320800,d80080d8k.htm,8.01 9.01,False,10000000000.0,"On December 16, 2025, Truist Financial Corporation (“Truist”) issued a news release announcing that its Board of Directors authorized a share-repurchase program of up to $10 billion of Truist’s outstanding common stock, effective immediately with no expiration date."
BEN,0000038777,2025-12-17,0000038777-25-000279,ben-20251211.htm,1.01 2.03 8.01 9.01,False,,"A copy of the press release announcing the increase of authorized shares under the stock repurchase program, as well as an increase to the Company’s dividend, is attached as Exhibit 99.1."
FDS,0001013237,2025-12-18,0001628280-25-057794,fdsq12026earningsrelease.htm,2.02 9.01,True,,"At the same time, expanding our share repurchase authorization reinforces the conviction we have in our financial strength and the long-term value of our business.” Annual Subscription Value (ASV) ASV at any given point in time represents the forward-looking revenues for the next 12 months from all subscription services currently supplied to clients."
BG,0001996862,2025-12-19,0001628280-25-058310,a31articlesofassociationof.htm,5.03 9.01,False,,"The Company's Board of Directors (the Board ) is authorized within the capital band to increase or reduce the share capital at any time or from time to time and in any (partial) amounts or to cause the Company or any of its group companies to acquire (including under a share repurchase program) Shares directly or indirectly, until October 19, 2028."
OKTA,0001660134,2026-01-05,0001660134-26-000003,okta-20260105.htm,8.01 9.01,False,1000000000.0,"(“Okta”) announced that its board of directors approved a share repurchase program with authorization to purchase up to $1 billion of its Class A Common Stock, effective immediately (the “Share Repurchase Program”)."
VEEV,0001393052,2026-01-05,0001393052-26-000003,veev-20260105.htm,8.01 9.01,False,2000000000.0,(“Veeva”) announced that its Board of Directors authorized the repurchase of up to $2 billion of Veeva’s outstanding shares of Class A common stock (the “Share Repurchase Program”).
CSGP,0001057352,2026-01-07,0001057352-26-000004,costar2026outlookpressre.htm,5.02 7.01 9.01,False,1500000000.0,CoStar Group also announced the authorization of a new $1.5 billion share repurchase program.
PAYX,0000723531,2026-01-20,0001193125-26-016044,payx-20260116.htm,5.02 8.01 9.01,False,1000000000.0,"On January 16, 2026, the Company announced that the Board approved a program to repurchase up to $1 billion of the Company's common stock."
SLB,0000087347,2026-01-23,0001193125-26-020133,d59412dex99.htm,2.02 7.01 9.01,True,4000000000.0,"“Aligned with our clear priority to create value for investors, we are committed to returning more than $4 billion to shareholders in 2026 through dividends and share repurchases, and we are starting the year with an increase of 3.5% to our quarterly dividend as approved by our Board of Directors,” Le Peuch concluded."
ARE,0001035443,2026-01-26,0001035443-26-000014,a4q25ex991supp.htm,2.02 9.01,True,500000000.0,"The new program replaces the prior repurchase authorization for up to $500.0 million that was set to expire on December 31, 2025 ."
GM,0001467858,2026-01-27,0001467858-26-000011,gmq42025pressreleaseandfin.htm,2.02 9.01,True,6000000000.0,"Board declares dividend at 20% higher quarterly rate, and approves new $6.0 billion share repurchase authorization DETROIT – General Motors (NYSE: GM) today reported full-year 2025 net income attributable to stockholders of $2.7 billion and EBIT-adjusted of $12.7 billion."
HCA,0000860730,2026-01-27,0001193125-26-023323,hca-20260127.htm,2.02 7.01 8.01 9.01,True,10000000000.0,"On January 27, 2026, the Company announced that its Board of Directors had authorized an additional share repurchase program for up to $10 billion of the Company’s outstanding common stock."
GEV,0001996810,2026-01-28,0001996810-26-000012,gevpressrelease4q25.htm,2.02 9.01,True,10000000000.0,"Increased share repurchase authorization to $10 billion, from $6 billion."
NOW,0001373715,2026-01-28,0001373715-26-000005,erq4fy25.htm,2.02 8.01 9.01,True,5000000000.0,Board of Directors Authorizes Additional $5B for Share Repurchase Program
T,0000732717,2026-01-28,0000732717-26-000046,t-20260128.htm,8.01 9.01,False,,"On January 27, 2026, the Board of Directors approved an authorization to repurchase an additional $10,000 of common stock (the 2026 Authorization)."
URI,0001067701,2026-01-28,0001067701-26-000009,uri-12312025xex991.htm,2.02 7.01 8.01 9.01,True,5000000000.0,"The company’s Board of Directors has authorized a new $5 billion share repurchase program that has no expiration date, and is expected to commence after completion of the current program."
WY,0000106535,2026-01-29,0001193125-26-029351,wy-ex99_1.htm,2.02 9.01,True,1000000000.0,Completed prior $1 billion share repurchase program and announced new $1 billion authorization in 2025
VZ,0000732712,2026-01-30,0001193125-26-030578,d50964d8k.htm,7.01,False,25000000000.0,"Also on January 30, 2026, the Board of Directors of the Company authorized a share repurchase program for up to $25 billion of our common stock."
DVN,0001090012,2026-02-02,0001193125-26-032720,d75203dex991.htm,1.01 5.02 7.01 9.01,False,5000000000.0,"Upon closing, the company plans to declare a quarterly dividend of $0.315 per share and establish a new share repurchase authorization in excess of $5 billion, both subject to Board approval.  Maintains fortress balance sheet – Enhanced economies of scale and an investment-grade balance sheet are expected to lower the company’s future cost of capital."
IT,0000749251,2026-02-03,0000749251-26-000028,it-20260129.htm,2.02 7.01 9.01,True,500000000.0,"Share Repurchase Authorization On January 29, 2026, the Company’s Board of Directors authorized incremental share repurchases of up to an additional $500.0 million of Gartner’s common stock."
PTC,0000857005,2026-02-04,0001193125-26-037588,ptc-ex99_1.htm,2.02 9.01,True,2000000000.0,"Executing on our $2 billion share repurchase authorization: $200 million of repurchases in Q1’26; expect to use net after-tax proceeds from the Kepware and ThingWorx divestiture for incremental repurchases; targeting repurchases of ~$1.115 billion to ~$1.315 billion in FY’26 BOSTON, MA, February 4, 2026 - PTC (NASDAQ: PTC) today reported financial results for its first fiscal quarter ended Decembe"
CPT,0000906345,2026-02-05,0001628280-26-005842,exhibit991earningsrelease4.htm,2.02 9.01,True,600000000.0,"In February 2026, Camden's Board of Trust Managers authorized a new share repurchase program up to $600.0 million."
FTNT,0001262039,2026-02-05,0001262039-26-000003,ftntq4-2025ex991.htm,2.02 9.01,True,1000000000.0,"Fortinet Expands Share Repurchase Authorization by $1.0 Billion Fortinet today announced that its Board of Directors has authorized an increase of its share repurchase program by $1.0 billion worth of shares of common stock, for an aggregate authorized repurchase amount of up to $10.25 billion through February 28, 2027."
RDDT,0001713445,2026-02-05,0001713445-26-000020,rddt-20260205.htm,2.02 8.01 9.01,True,1000000000.0,"On February 5, 2026, Reddit announced its Board of Directors authorized a share repurchase program to purchase up to $1 billion of Reddit's Class A common stock (the “Share Repurchase Program”)."
SPG,0001063761,2026-02-05,0001104659-26-010999,tm265229d2_8k.htm,8.01 9.01,False,,(NYSE: SPG) issued a press release announcing that the Company’s Board of Directors authorized a new common stock repurchase program.
TPR,0001116132,2026-02-05,0001140361-26-003783,ef20064297_ex99-1.htm,2.02 9.01,True,1200000000.0,"Share Repurchases: Tapestry now expects to buy back approximately $1.2 billion in common stock in Fiscal 2026 under the Company’s existing stock repurchase authorization, an increase from its prior outlook of $1.0 billion."
WMS,0001604028,2026-02-05,0001604028-26-000004,wms-02052026x8kex991.htm,2.02 7.01 8.01 9.01,True,,"EX-99.1 2 wms-02052026x8kex991.htm EX-99.1 Document Exhibit 99.1 ADVANCED DRAINAGE SYSTEMS ANNOUNCES THIRD QUARTER FISCAL 2026 RESULTS, INCREASES STOCK REPURCHASE AUTHORIZATION HILLIARD, Ohio – (February 5, 2026) – Advanced Drainage Systems, Inc."
APO,0001858681,2026-02-09,0001858681-26-000007,agmearningsrelease4q2025.htm,2.02 9.01,True,4000000000.0,"Effective on February 9, 2026, the Apollo Global Management, Inc. board of directors terminated the Company's prior share repurchase program and approved a new share repurchase program, pursuant to which the Company is authorized to repurchase up to $4.0 billion of shares of its common stock."
ON,0001097864,2026-02-09,0001140361-26-004405,ef20065070_ex99-1.htm,2.02 9.01,True,6000000000.0,Announced the authorization of a new share repurchase program of up to $6 billion over the next three years.
DGX,0001022079,2026-02-10,0001022079-26-000005,dgx-20260210.htm,2.02 8.01 9.01,True,1000000000.0,"Other Events On February 10, 2026, the Company issued a press release announcing that the Company's Board of Directors authorized the Company to repurchase an additional $1 billion of the Company's common stock as part of the Company's common stock repurchase program and increased the quarterly dividend from $0.80 to $0.86 per share."
LSCC,0000855658,2026-02-10,0001437749-26-003634,ex_882667.htm,2.02 9.01,True,250000000.0,Lattice's Board of Directors authorized the Company to repurchase up to an additional $250 million of its outstanding common stock reflecting the Company's strong financial position and capital allocation strategy.
MAS,0000062996,2026-02-10,0000062996-26-000004,a1231258-kex99.htm,2.02 9.01,True,2000000000.0,"The Board also authorized a new $2.0 billion share repurchase program effective February 10, 2026, replacing the existing authorization."
ZBH,0001136869,2026-02-10,0001193125-26-043620,zbh-ex99_1.htm,2.02 9.01,True,1500000000.0,"Additionally, on February 9, 2026, Zimmer Biomet's Board of Directors approved a new stock repurchase authorization, granting the Company authority to repurchase up to $1.5 billion in common stock."
HLT,0001585689,2026-02-11,0001585689-26-000005,q42025earningsrelease.htm,2.02 9.01,True,3500000000.0,"In January 2026, our board of directors authorized an additional $3.5 billion for share repurchases under our stock repurchase program."
SHOP,0001594805,2026-02-11,0001594805-26-000006,exhibit991pressreleaseq420.htm,2.02 7.01 9.01,True,2000000000.0,Share Repurchase Authorization Shopify’s Board of Directors has authorized a share repurchase program of up to $2 billion.
TYL,0000860731,2026-02-11,0000860731-26-000013,a991earningsrelease12312025.htm,2.02,True,1000000000.0,"Our recently announced board authorization of a new $1 billion share repurchase program reflects our confidence in the trajectory of our business, supported by our extremely strong balance sheet and reliable cash generation."
WAB,0000943452,2026-02-11,0001628280-26-007113,a4q2025pressrelease.htm,2.02 7.01 9.01,True,1200000000.0,"Board of Directors Increased Quarterly Dividend by 24% and Increased Share Buyback Authorization to $1.2 Billion PITTSBURGH, February 11, 2026 – Wabtec Corporation (NYSE: WAB) today reported fourth quarter 2025 GAAP earnings per diluted share of $1.18, down 4.1% versus the fourth quarter of 2024."
ZBRA,0000877212,2026-02-12,0000877212-26-000003,zbra-20260212.htm,2.02 8.01 9.01,True,1000000000.0,"Other Events On February 12, 2026, the Company issued a press release announcing that its Board of Directors had approved a $1.0 billion increase to the Company’s existing share repurchase authorization."
DVN,0001090012,2026-02-17,0001193125-26-054657,d111666dex991.htm,2.02 9.01,True,5000000000.0,"Following the close of the merger with Coterra Energy and the associated free cash flow benefits in the upcoming years, the company expects to establish a new share repurchase authorization in excess of $5 billion, subject to Board approval."
EBAY,0001065088,2026-02-18,0001065088-26-000017,exhibit991erebayq42025.htm,2.02 9.01,True,2000000000.0,"In February 2026, the Board of Directors declared a cash dividend for the first quarter of 2026 of $0.31 per share, a 7% increase from the prior quarterly dividend, and also authorized an incremental $2.0 billion under our stock repurchase program San Jose, California, February 18, 2026 – eBay Inc."
GPN,0001123360,2026-02-18,0001123360-26-000004,exhibit99120251231.htm,2.02 5.02 7.01 9.01,True,2500000000.0,Announces share repurchase authorization of $2.5 billion
GRMN,0001121788,2026-02-18,0001193125-26-056025,grmn-ex99_1.htm,2.02 9.01,True,,"Dividend Recommendation and New Share Repurchase Program: The Board of Directors intends to recommend to the shareholders for approval at the annual meeting to be held on June 5, 2026, a cash dividend in the amount of $4.20 per share, payable in four equal installments on dates to be determined by the Board."
OMC,0000029989,2026-02-18,0000029989-26-000002,omc-20260218.htm,2.02 7.01 9.01,True,5000000000.0,"On February 18, 2026, Omnicom issued a press release announcing that its Board of Directors approved a $5.0 billion share repurchase program and Omnicom entered into $2.5 billion of accelerated share repurchase arrangements."
PODD,0001145197,2026-02-18,0001145197-26-000026,podd-20260218.htm,2.02 7.01 9.01,True,475000000.0,"With this additional authorization, the total authorization for the repurchase program allows for the purchase of up to $475 million in shares of the Company’s common stock."
TAP,0000024545,2026-02-18,0001104659-26-017055,tm266541d1_8k.htm,2.02 7.01 8.01 9.01,True,2000000000.0,"On February 18, 2026, the Company announced that its Board of Directors (the “ Board ”) has approved, effective immediately, an increase to the Company’s existing Class B common stock repurchase program by $2.0 billion, for an aggregate authorization of up to $4.0 billion, and an extension of the duration of the Class B common stock repurchase program to December 31, 2031."
VRSK,0001442145,2026-02-18,0001437749-26-004451,ex_895228.htm,2.02 9.01,True,2500000000.0,"Our Board of Directors approved a cash dividend of 50 cents per share payable on March 31, 2026, an increase of 11%. ● Our Board approved an increase to the share repurchase authorization to $2.5 billion in total."
WMT,0000104169,2026-02-19,0000104169-26-000032,earningsreleasefy26q4.htm,2.02 9.01,True,30000000000.0,Company announces new $30 billion share repurchase authorization
BSX,0000885725,2026-02-23,0000885725-26-000013,bsx-20260218.htm,5.02 7.01 8.01 9.01,False,1000000000.0,"On February 18, 2026, the Board approved an increase to the Company’s existing authorization to repurchase up to $1.0 billion of the Company’s common stock, par value $0.01 per share (“ Common Stock ”), by an additional $4.0 billion."
EXLS,0001297989,2026-02-24,0001297989-26-000006,exlq42025pressrelease.htm,2.02 9.01,True,500000000.0,"We expect adjusted diluted EPS to be in the range of $2.14 to $2.19, representing a 10% to 12% increase over 2025.” “Our Board of Directors authorized a $500 million common stock repurchase program, effective February 28, 2026, for a two-year period, in line with our capital allocation strategy."
EXPD,0000746515,2026-02-24,0001193125-26-066101,expd-ex99_1.htm,2.02 9.01,True,3000000000.0,Our Board of Directors approved a new $3 billion share repurchase program Daniel R.
EXPD,0000746515,2026-02-24,0001193125-26-066108,expd-ex99_1.htm,8.01 9.01,False,3000000000.0,"(NYSE: EXPD) today announced that on February 23, 2026, its Board of Directors authorized a new share repurchase program that permits the repurchase of up to $3 billion of the Company's common stock."
CRM,0001108524,2026-02-25,0001108524-26-000056,crm-q4fy26xexhibit991.htm,2.02 9.01,True,50000000000.0,"Announces $50 billion share repurchase program authorization, replacing all previously unused authorizations"
SNPS,0000883241,2026-02-25,0001193125-26-071601,d921168d8k.htm,2.02 8.01 9.01,True,2000000000.0,"On February 25, 2026, Synopsys also announced that its board of directors (the “ Board ”) replenished Synopsys’ existing stock repurchase program with authorization to purchase up to $2 billion of Synopsys common stock."
TJX,0000109198,2026-02-25,0000109198-26-000004,tjxq4fy26earningspressrele.htm,2.02 9.01,True,,The new stock repurchase program marks the 26 th program approved by the Board since 1997.
TTD,0001671933,2026-02-25,0001671933-26-000009,ttd-20260225.htm,2.02 8.01 9.01,True,350000000.0,"On February 25, 2026, the Company issued a press release announcing that, in February 2026, the Company’s board of directors authorized and approved an additional $350 million under its share repurchase program pursuant to which the Company may purchase its outstanding Class A Common Stock, par value $0.000001 per share (the “Class A Common Stock”), bringing the total amount for future repurchases"
XYL,0001524472,2026-02-25,0001524472-26-000014,xyl-20260225.htm,8.01,False,,(the “Company”) approved the adoption of a new share repurchase program.
DELL,0001571996,2026-02-26,0001571996-26-000003,exhibit991earnings8kq4fy26.htm,2.02 9.01,True,10000000000.0,Announcing a cash dividend increase of 20% and $10 billion increase in share repurchase authorization
FROG,0001800667,2026-02-26,0001193125-26-073842,frog-20260226.htm,8.01 9.01,False,300000000.0,(the “Company”) announced that its Board of Directors approved a share repurchase program that authorizes the repurchase by the Company of up to $300 million of its outstanding ordinary shares.
Q,0002058873,2026-02-26,0002058873-26-000007,exhibit991supplementalsche.htm,2.02 9.01,True,100000000.0,"Adjusted Pro Forma EPS (1) of $3.35, up 12% year-over-year – Provides full year 2026 financial guidance – Announces multi-year transformation plan to deliver $100 million run rate EBITDA benefit by 2028 – Authorizes the repurchase of up to $500 million of outstanding common shares WILMINGTON, Del., Feb. 26, 2026 - Qnity Electronics, Inc."
GTLB,0001653482,2026-03-03,0001628280-26-013795,gtlb-20260302.htm,2.02 7.01 8.01 9.01,True,,"(the “Company”) approved a share repurchase program with authorization to purchase up to $400,000,000 of its outstanding Class A common stock."
ROST,0000745732,2026-03-03,0000745732-26-000003,q4fy25exhibit991.htm,2.02 9.01,True,,"Sheehan II Connie Kao Executive Vice President, Senior Vice President, Investor Relations Chief Financial Officer (925) 965-4668 (925) 965-4150 connie.kao@ros.com ROSS STORES REPORTS FOURTH QUARTER EARNINGS WELL ABOVE GUIDANCE ANNOUNCES NEW TWO-YEAR REPURCHASE AUTHORIZATION AND 10% INCREASE IN QUARTERLY CASH DIVIDEND PROVIDES FIRST QUARTER AND FISCAL 2026 GUIDANCE Dublin, California, March 3, 2026"
VSNT,0002067876,2026-03-03,0002067876-26-000007,versantmediagroupincex991.htm,2.02 7.01 9.01,True,1000000000.0,"Versant Announces Dividend and Board Approved $1 Billion Share Repurchase Authorization NEW YORK, NY – March 3, 2026."
AVGO,0001730168,2026-03-04,0001730168-26-000011,avgo-02012026x8kxex99.htm,2.02 8.01 9.01,True,10000000000.0,"New Share Repurchase Program The Board of Directors of Broadcom has authorized a new share repurchase program to repurchase up to $10 billion of its common stock through December 31, 2026."
EPAM,0001352010,2026-03-05,0001352010-26-000019,ex991-asr.htm,1.01 7.01 9.01,False,1000000000.0,The ASR was authorized under the Company’s existing $1.0 billion share repurchase authorization.
KR,0000056873,2026-03-05,0001104659-26-023800,tm267907d1_ex99-1.htm,2.02 9.01,True,2000000000.0,"Board of Directors approved an additional $2 billion share repurchase authorization · Appointed Greg Foran as Chief Executive Officer CINCINNATI, March 5, 2026 – The Kroger Co."
Z,0001617640,2026-03-05,0001617640-26-000021,z-20260304.htm,7.01 8.01 9.01,False,1250000000.0,"On March 4, 2026, Zillow Group’s Board of Directors authorized the repurchase of up to an additional $1.25 billion of its Class A common stock, Class C capital stock or a combination thereof."
TKO,0001973266,2026-03-10,0001193125-26-099425,d124117dex991.htm,1.01 2.03 8.01 9.01,False,2000000000.0,“This next phase of repurchases will all but satisfy our $2 billion share repurchase authorization and reinforce our commitment to a robust capital return program.
PANW,0001327567,2026-03-11,0001327567-26-000009,panw-20260310.htm,8.01 9.01,False,1000000000.0,(the “Company”) approved the repurchase of up to an additional $1.0 billion of the Company’s common stock.
KLAC,0000319201,2026-03-12,0001193125-26-102999,d105235d8k.htm,7.01 8.01,False,7000000000.0,"Also, on March 11, 2026, the Board approved a new share repurchase program that authorizes the repurchase of up to $7 billion of shares of the Company’s common stock."
OMC,0000029989,2026-03-12,0001193125-26-103214,d255123d8k.htm,7.01,False,3000000000.0,"Expected repurchase of $3.0 billion to $3.5 billion of shares of the Company’s common stock in 2026 in connection with the recently approved $5 billion share repurchase program, under which the Company initiated an Accelerated Share Repurchase arrangement of $2.5 billion."
F,0000037996,2026-03-13,0000037996-26-000073,f-20260313.htm,8.01,False,,The plan authorizes repurchases of up to 31.7 million shares of Ford Common Stock.
CRM,0001108524,2026-03-16,0001193125-26-107403,d887663dex991.htm,7.01 9.01,False,50000000000.0,"This transaction, the largest ASR in history, represents the immediate execution of half of the $50 billion aggregate Share Repurchase Program authorized by Salesforce’s Board of Directors in February 2026."
DOCU,0001261333,2026-03-17,0001261333-26-000017,q426ex-991er.htm,2.02 9.01,True,2000000000.0,Docusign's Board of Directors has authorized an increase to its existing stock repurchase program of an additional amount of up to $2.0 billion of Docusign’s outstanding common stock.
HOOD,0001783879,2026-03-24,0001783879-26-000045,hood-20260320.htm,1.01 2.03 7.01 9.01,False,1500000000.0,"On March 24, 2026, the Company announced that its board of directors (the “Board”) approved a new share repurchase program (the “Repurchase Program”) authorizing the Company to repurchase up to $1.5 billion of its outstanding Class A common stock."
CCL,0000815097,2026-03-27,0000815097-26-000034,a20261qearningsrelease8-k.htm,2.02 9.01,True,2500000000.0,"Aggressively leveraging technology to enhance revenue and reduce cost PROPEL, and all of the keys to its success, is powered by the best team in all of travel and leisure, aligned on delivering the company’s purpose, mission and long-term goals. 1 See “Non-GAAP Financial Measures” and “Constant Currency.” Share Buyback Program Today, the Boards of Directors approved an initial $2.5 billion share b"
MTB,0000036270,2026-03-30,0001628280-26-022025,mbt-20260330.htm,8.01 9.01,False,5000000000.0,"Emerging growth company ☐ If an emerging growth company, indicate by check mark if the registrant has elected not to use the extended transition period for complying with any new or revised financial accounting standards provided pursuant to Section 13(a) of the Exchange Act. ☐ Item 8.01 Other Events On March 30, 2026, M&T Bank Corporation (“M&T”) announced that its Board of Directors authorized a"
CRWD,0001535527,2026-04-06,0001535527-26-000013,crwd-20260406.htm,8.01 9.01,False,500000000.0,"On April 6, 2026, the Company announced that its Board of Directors has approved the repurchase of up to an additional $500 million of the Company’s common stock, bringing the Company’s total repurchase authorization to $1.5 billion (together, the “Share Repurchase Program”)."
BMNR,0001829311,2026-04-09,0001493152-26-015825,form8-k.htm,7.01 9.01,False,1000000.0,(the “ Company ”) issued a press release announcing that its Board of Directors has authorized an increase in the Company’s existing share repurchase program from $1 million to $4 billion.
BMNR,0001829311,2026-04-13,0001493152-26-016296,ex99-1.htm,7.01 9.01,False,,"(viii) expectations regarding the potential impact of regulatory developments, including the GENIUS Act and SEC Project Crypto, on financial services and digital assets; and (ix) the Company’s financial flexibility to support its treasury operations and expanded repurchase authorization."
BNY,0001390777,2026-04-16,0001390777-26-000042,ex991_earningsreleasex1q26.htm,2.02 7.01 9.01,True,10000000000.0,"Board of Directors authorized a new common share repurchase program of $10 billion (a) For information on the Non-GAAP measures, see “Explanation of GAAP and Non-GAAP financial measures” beginning on page 9 ."
USB,0000036104,2026-04-16,0000036104-26-000021,a1q26earningsrelease.htm,2.02 7.01 9.01,True,5000000000.0,"During the first quarter of 2026, the Company continued share repurchases under its $5.0 billion common stock repurchase authorization, including repurchases in connection with its stock-based compensation plans."
ACGL,0000947484,2026-04-20,0000947484-26-000044,acgl-20260419.htm,8.01,False,3000000000.0,"(the “Company”) increased its authorization for its existing share repurchase program by $3.0 billion, which, as in the past, may be effected from time to time in open market or privately negotiated transactions."
BMNR,0001829311,2026-04-20,0001493152-26-018015,ex99-1.htm,7.01 9.01,False,,"(viii) expectations regarding the potential impact of regulatory developments, including the GENIUS Act and SEC Project Crypto, on financial services and digital assets; and (ix) the Company’s financial flexibility to support its treasury operations and expanded repurchase authorization."
ADBE,0000796343,2026-04-21,0000796343-26-000101,adbe-20260415.htm,5.02 5.07 8.01 9.01,False,25000000000.0,"On April 21, 2026, Adobe announced that our Board of Directors approved a new stock repurchase program granting Adobe authority to repurchase up to $25 billion in common stock through April 30, 2030."
SYF,0001601712,2026-04-21,0001601712-26-000013,earningsrelease1q26.htm,2.02 9.01,True,6500000000.0,"The Company announced that the Board of Directors approved a new share repurchase program of up to $6.5 billion of the Company’s common stock, which commences in second quarter 2026 and, in a change from our prior share repurchase programs, does not have an expiration date."
URI,0001067701,2026-04-22,0001067701-26-000018,uri-3312026xex991.htm,2.02 7.01 9.01,True,2000000000.0,"During the three months ended March 31, 2026, the company completed its prior $2.0 billion share repurchase 10 program, and commenced its new $5.0 billion share repurchase program that was authorized earlier this year."
HBAN,0000049196,2026-04-23,0000049196-26-000032,hban20260331_8kex991.htm,2.02 9.01,True,3000000000.0,"On April 22, 2026, the Board of Directors approved a $3 billion share repurchase authorization, replacing the prior authorization."
MBLY,0001910139,2026-04-23,0001104659-26-047231,tm2612233d1_ex99-1.htm,2.02 9.01,True,591000000.0,"(“Mentee Robotics”) closed in early February, resulting in a reduction in our cash balance of $591 million, net of cash acquired. · Announced an up to $250 million share repurchase authorization, intended to partially offset dilution associated with stock-based compensation and shares issued as part of the Mentee Robotics acquisition in in the first quarter."
NEM,0001164727,2026-04-23,0001164727-26-000017,newmontq12026earningsrelea.htm,2.02 9.01,True,,"EX-99.1 2 newmontq12026earningsrelea.htm EX-99.1 Document NYSE: NEM, ASX: NEM, PNGX: NEM Exhibit 99.1 Newmont Generates Record Quarterly Earnings and Free Cash Flow, Reports First Quarter 2026 Results and Announces Increased Share Repurchase Authorization DENVER, April 23, 2026 – Newmont Corporation (NYSE: NEM, ASX: NEM, PNGX: NEM) (Newmont or the Company) today announced first quarter 2026 result"
PHM,0000822416,2026-04-23,0000822416-26-000021,ex991earningspr3312026.htm,2.02 8.01 9.01,True,1500000000.0,"Board Approves $1.5 Billion Increase in Share Repurchase Authorization ATLANTA – April 23, 2026 – PulteGroup, Inc."
BMNR,0001829311,2026-04-27,0001493152-26-019080,ex99-1.htm,7.01 9.01,False,,"(viii) expectations regarding the potential impact of regulatory developments, including the GENIUS Act and SEC Project Crypto, on financial services and digital assets; and (ix) the Company’s financial flexibility to support its treasury operations and expanded repurchase authorization."
ACGL,0000947484,2026-04-28,0000947484-26-000051,ex-992supplement33126.htm,2.02 9.01,True,3000000000.0,"On April 19, 2026, the Company increased its authorization for its existing share repurchase program by $3.0 billion. 31"
AIT,0000109563,2026-04-28,0000109563-26-000019,a8k4282026releaseexhibit991.htm,2.02 7.01 9.01,True,,"Announcing New 3.0 Million Share Repurchase Authorization CLEVELAND, OHIO (April 28, 2026) – Applied Industrial Technologies (NYSE: AIT), a leading value-added distributor and technical solutions provider of industrial motion, fluid power, flow control, automation technologies, and related maintenance supplies, today reported results for its fiscal 2026 third quarter ended March 31, 2026."
CDNA,0001217234,2026-04-28,0001104659-26-050317,tm2611749d3_8k.htm,1.01 2.02 7.01 8.01 9.01,True,100000000.0,"On April 24, 2026, the Company’s Board of Directors (the “Board”) authorized a common stock repurchase program of up to $100 million in shares for up to 24 months from April 30, 2026."
V,0001403161,2026-04-28,0001403161-26-000077,q22026earningsrelease.htm,2.02 8.01 9.01,True,20000000000.0,"The board of directors authorized a new $20.0B multi-year share repurchase program Income Statement Summary In billions, except percentages and per share data. % change is calculated over the comparable prior-year period."
INVH,0001687229,2026-04-29,0001687229-26-000030,q12026supplemental.htm,2.02 9.01,True,500000000.0,"On April 27, 2026, our board of directors authorized a new $500 million share repurchase program."
KLAC,0000319201,2026-04-29,0000319201-26-000014,exhibit991earningsrelease3.htm,2.02 9.01,True,7000000000.0,The Board of Directors approved an increase to the quarterly dividend level to $2.30 per share beginning with the dividend expected to be declared in May 2026 and an additional $7 billion for repurchases of our common stock.
POOL,0000945841,2026-04-29,0001193125-26-191530,pool-20260429.htm,5.07 7.01 9.01,False,,"(d) Exhibits 99.1 Press release issued by Pool Corporation on April 29, 2026, announcing additional authorization under the share repurchase program, the declaration of an increased quarterly cash dividend and the voting results of its annual meeting. 104 Cover Page Interactive Data File (embedded within the Inline XBRL document) SIGNATURE Pursuant to the requirements of the Securities Exchange Ac"
REGN,0000872589,2026-04-29,0000872589-26-000014,exhibit991q12026.htm,2.02 9.01,True,3000000000.0,"New $3.0 billion share repurchase program authorized Tarrytown, New York (April 29, 2026) -- Regeneron Pharmaceuticals, Inc."
ATI,0001018963,2026-04-30,0001628280-26-028589,form8-kq12026ex991.htm,2.02 9.01,True,500000000.0,“That performance supports the Board’s additional $500 million share repurchase authorization.
BLDR,0001316835,2026-04-30,0001193125-26-193923,bldr-ex99_2.htm,2.02 8.01 9.01,True,500000000.0,"EX-99.2 3 bldr-ex99_2.htm EX-99.2 EX-99.2 For Immediate Release Builders FirstSource Announces $500 Million Share Repurchase Authorization April 30, 2026 (Irving, TX) – Builders FirstSource, Inc."
ILMN,0001110803,2026-04-30,0001110803-26-000087,ilmn-20260430.htm,2.02 8.01 9.01,True,1500000000.0,"On April 28, 2026, the Company’s Board of Directors authorized a new share repurchase program for up to $1.5 billion of the Company’s common stock (the “2026 Repurchase Program”)."
SNDK,0002023554,2026-04-30,0001628280-26-028879,sndk-20260430.htm,2.02 8.01 9.01,True,6000000000.0,"On April 30, 2026 , the Company announced that its Board of Directors had approved a $6 billion (exclusive of fees and commissions) share repurchase program (the “Repurchase Program”)."
ALGN,0001097149,2026-05-01,0001097149-26-000036,algn-20260430.htm,7.01 9.01,False,200000000.0,"Announc ing $200 Million Open Market Repurchase 104 Cover Page Interactive Data File (embedded within the Inline XBRL document) SIGNATURES Pursuant to the requirements of the Securities Exchange Act of 1934, the registrant has duly caused this report to be signed on its behalf by the undersigned hereunto duly authorized."
CCI,0001051470,2026-05-01,0001051470-26-000052,cci-20260501.htm,2.01 2.02 5.02 7.01 9.01,True,1000000000.0,"ITEM 7.01 — REGULATION FD DISCLOSURE Effective May 1, 2026, the Board of Directors authorized a program to repurchase up to $1.0 billion of the Company's outstanding common stock (""Stock Repurchase Program"")."
BMNR,0001829311,2026-05-04,0001493152-26-021027,ex99-1.htm,7.01 9.01,False,,"(viii) expectations regarding the potential impact of regulatory developments, including the GENIUS Act and SEC Project Crypto, on financial services and digital assets; and (ix) the Company’s financial flexibility to support its treasury operations and expanded repurchase authorization."
UDR,0000074208,2026-05-04,0000074208-26-000052,udr-20260504x8k.htm,8.01 9.01,False,,"(the “Company”) announced that its Board of Directors has authorized the Company to repurchase up to 25 million shares of its common stock, effective immediately."
DVN,0001090012,2026-05-05,0001193125-26-206689,d947371dex991.htm,2.02 9.01,True,5000000000.0,"Announced plans for a new share repurchase authorization in excess of $5 billion and an increase to the quarterly fixed dividend, both following the closing of the Coterra merger and subject to Board approval  Merger Progress: Both Devon and Coterra shareholders approved the transformative merger on May 4, 2026, with the transaction expected to close on or around May 7, 2026 CEO COMMENTARY “Devon"
FERG,0002011641,2026-05-05,0002011641-26-000028,exhibit991pressreleasemarc.htm,2.02 9.01,True,2000000000.0,"Taking into account our strong financial position, the Board authorized the repurchase of up to $2.0 billion of Ferguson's outstanding common stock, replacing the company's existing repurchase program."
IT,0000749251,2026-05-05,0000749251-26-000165,it-20260430.htm,2.02 7.01 9.01,True,600000000.0,"Share Repurchase Authorization On April 30, 2026, the Company’s Board of Directors authorized incremental share repurchases of up to an additional $600.0 million of Gartner’s common stock."
KKR,0001404912,2026-05-05,0001404912-26-000011,q126earningsrelease_vf.htm,2.02 9.01,True,500000000.0,"In addition, KKR has approved an increase to its share repurchase program by $500 million"
MPC,0001510295,2026-05-05,0001510295-26-000039,mpcq12026earningsrelease.htm,2.02 9.01,True,1000000000.0,"$1.0 billion of capital returned, reinforcing commitment to industry-leading capital return; announced incremental $5 billion share repurchase authorization FINDLAY, Ohio, May 5, 2026 – Marathon Petroleum Corp."
PTC,0000857005,2026-05-06,0001193125-26-208904,ptc-20260506.htm,2.02 7.01 9.01,True,2000000000.0,"On May 4, 2026, the PTC Board of Directors authorized the repurchase of up to $2.0 billion of PTC common stock in the period October 1, 2026 through September 30, 2028, and amended the existing share repurchase authorization announced on November 6, 2024 to now expire on September 30, 2026."
TKO,0001973266,2026-05-06,0001193125-26-208955,tko-ex99_1.htm,2.02 9.01,True,1000000000.0,EX-99.1 2 tko-ex99_1.htm EX-99.1 EX-99.1 Exhibit 99.1 FOR IMMEDIATE RELEASE Contacts: Investors: Seth Zaslow szaslow@tkogrp.com Media: press@tkogrp.com TKO Reports First Quarter 2026 Results Announces Board Authorization Of Up To An Additional $1 Billion Of Share Repurchases First Quarter 2026 Financial Highlights
FROG,0001800667,2026-05-07,0001193125-26-211940,frog-ex99_1.htm,2.02 9.01,True,300000000.0,Announced board authorization of up to $300 million share repurchase program.
IQV,0001478242,2026-05-07,0001193125-26-212463,d114471dex991.htm,8.01 9.01,False,2000000000.0,"EX-99.1 2 d114471dex991.htm EX-99.1 EX-99.1 Exhibit 99.1 News Release Contacts: Kerri Joseph, IQVIA Investor Relations (kerri.joseph@iqvia.com) +1.973.541.3558 Alissa Maupin, IQVIA Media Relations (alissa.maupin1@iqvia.com) +1.919.923.6785 IQVIA Board of Directors Approves $2 Billion Increase in Share Repurchase Authorization RESEARCH TRIANGLE PARK, N.C. – May 7, 2026 – IQVIA Holdings Inc."
MCK,0000927653,2026-05-07,0000927653-26-000066,mck_exhibit991x3312026.htm,2.02 9.01,True,5000000000.0,"McKesson's Board of Directors approved a $5.0 billion increase to the share repurchase program, bringing the total share repurchase authorization to $7.7 billion as of April 2026."
TPR,0001116132,2026-05-07,0001140361-26-019428,ef20072115_ex99-1.htm,2.02 9.01,True,1300000000.0,"Share Repurchases: Tapestry now expects to buy back approximately $1.3 billion in common stock in Fiscal 2026 under the Company’s existing stock repurchase authorization, an increase from its prior outlook of $1.2 billion."
BMNR,0001829311,2026-05-11,0001493152-26-022150,ex99-3.htm,7.01 9.01,False,,"(viii) expectations regarding the potential impact of regulatory developments, including the GENIUS Act and SEC Project Crypto, on financial services and digital assets; and (ix) the Company’s financial flexibility to support its treasury operations and expanded repurchase authorization."
STE,0001757898,2026-05-11,0001628280-26-033580,ste03312026ex991.htm,2.02 9.01,True,1000000000.0,"Board approves new $1 billion share repurchase program DUBLIN, IRELAND - (May 11, 2026) - STERIS plc (NYSE: STE) (“STERIS” or the “Company”) today announced financial results for its fiscal 2026 fourth quarter and full year ended March 31, 2026."
JKHY,0000779152,2026-05-12,0000779152-26-000027,jkhy-prdatedmay122026xshar.htm,8.01 9.01,False,,"“This increased share repurchase authorization is the result of our ongoing confidence in our operations and commitment to generating value for our shareholders.” About Jack Henry & Associates, Inc. ® Jack Henry ® (Nasdaq: JKHY) is a well-rounded financial technology company that strengthens connections between financial institutions and the people and businesses they serve."
TKO,0001973266,2026-05-12,0001193125-26-219498,d105349d8k.htm,8.01,False,,"On May 11, 2026, the Company entered into a Rule 10b5-1 trading plan (the “10b5-1 Plan”) to supersede, amend and replace the Prior 10b5-1 Plan and authorizing repurchases thereunder to commence on May 14, 2026."
CDW,0001402057,2026-05-13,0001402057-26-000031,cdw-20260513.htm,7.01 8.01 9.01,False,1000000000.0,Share Repurchase Program The Company’s Board of Directors authorized a $1 billion increase to the Company’s share repurchase program under which the Company may repurchase shares of its common stock in the open market or through privately negotiated or other transactions.
FDX,0001048911,2026-05-13,0001104659-26-060233,tm2520565d15_ex99-1.htm,8.01 9.01,False,,"The actual number of shares of our common stock FedEx will distribute in the Spin-Off will depend on the actual number of shares of FedEx common stock outstanding on the Record Date, which will reflect any issuance of new shares, vesting of equity awards, or exercises of outstanding options pursuant to FedEx’s equity plans, and any repurchase of FedEx shares by FedEx under its Board-authorized sto"
FDXF,0002082247,2026-05-13,0001104659-26-060223,tm2520565d14_ex99-1.htm,8.01 9.01,False,,"The actual number of shares of our common stock FedEx will distribute in the Spin-Off will depend on the actual number of shares of FedEx common stock outstanding on the Record Date, which will reflect any issuance of new shares, vesting of equity awards, or exercises of outstanding options pursuant to FedEx’s equity plans, and any repurchase of FedEx shares by FedEx under its Board-authorized sto"
KEY,0000091576,2026-05-14,0001628280-26-035060,key-20260513.htm,5.02 5.07 8.01 9.01,False,3000000000.0,"On May 13, 2026, KeyCorp announced that its Board of Directors has authorized a share repurchase program pursuant to which the Company may purchase up to $3.0 billion of KeyCorp common shares."
TYL,0000860731,2026-05-14,0000860731-26-000040,tylexhibit991closingpr51426.htm,1.01 2.03 3.02 8.01 9.01,False,1000000000.0,"“This capital raise provides financial flexibility, allowing Tyler to further execute on our $1 billion share repurchase authorization and pursue long-term growth initiatives,” said Lynn Moore, Tyler’s president and chief executive officer."
VSNT,0002067876,2026-05-14,0002067876-26-000025,versantmediagroupincex991q.htm,2.02 7.01 9.01,True,100000000.0,"Consistent with our disciplined capital allocation framework, we returned $100 million to shareholders during the quarter through share repurchases under our existing authorization and today declared our second quarterly cash dividend of $0.375 per share."
DXCM,0001093557,2026-05-15,0001093557-26-000085,dxcm-20260514.htm,7.01 8.01,False,1000000000.0,"On May 14, 2026, Dexcom announced that its Board of Directors authorized and approved a share repurchase program of up to $1.0 billion of Dexcom’s outstanding common stock, par value $0.001 per share (“Common Stock”), with a repurchase period ending no later than June 30, 2027 (the “Share Repurchase Program”)."
MNST,0000865752,2026-05-15,0001104659-26-062567,tm2614725d1_ex99-1.htm,5.07 8.01 9.01,False,500000000.0,"(310) 279-5980 MONSTER BEVERAGE BOARD AUTHORIZES NEW $500.0 MILLION SHARE REPURCHASE PROGRAM Corona, CA – May 15, 2026 – Monster Beverage Corporation (NASDAQ:MNST) today announced that its Board of Directors has authorized a new share repurchase program for the repurchase of up to an additional $500.0 million of the Company’s outstanding common stock."
BMNR,0001829311,2026-05-18,0001493152-26-024088,ex99-1.htm,7.01 9.01,False,,"(viii) expectations regarding the potential impact of regulatory developments, including the GENIUS Act and SEC Project Crypto, on financial services and digital assets; and (ix) the Company’s financial flexibility to support its treasury operations and expanded repurchase authorization."
CTSH,0001058290,2026-05-18,0001058290-26-000018,ctsh-20260517.htm,7.01 9.01,False,2000000000.0,"On May 18, 2026, Cognizant Technology Solutions Corporation (the “Company”) issued a press release announcing that the Board of Directors approved an increase of $2 billion to the amount authorized under the Company’s existing stock repurchase program."
RBLX,0001315098,2026-05-19,0001315098-26-000108,rblx-20260513.htm,8.01 9.01,False,3000000000.0,"On May 19, 2026, Roblox Corporation (“Roblox”) announced that its Board of Directors has authorized a share repurchase program for up to $3 billion of the Company’s Class A common stock."
NVDA,0001045810,2026-05-20,0001045810-26-000051,q1fy27cfocommentary.htm,2.02 9.01,True,80000000000.0,"On May 18, 2026, our Board of Directors approved an increase to our quarterly dividend from $0.01 per share to $0.25 per share and an additional $80.0 billion to our share repurchase authorization, without expiration."
DECK,0000910521,2026-05-21,0000910521-26-000007,deckex991pressrelease-3312.htm,2.02 9.01,True,3500000000.0,"SHARE REPURCHASE AUTHORIZATION INCREASED BY AN ADDITIONAL $3.5 BILLION, BRINGING THE NEW TOTAL TO APPROXIMATELY $5 BILLION Goleta, California (May 21, 2026) -- Deckers Brands (NYSE: DECK), a global leader in designing, marketing, and distributing innovative footwear, apparel, and accessories, today announced financial results for the fourth fiscal quarter and full fiscal year ended March 31, 2026."
EOG,0000821189,2026-05-21,0000821189-26-000107,eog-20260521.htm,5.07 8.01,False,10000000000.0,"On and effective May 20, 2026, the Board increased the Share Repurchase Authorization from $10 billion to $20 billion."
LYB,0001489393,2026-05-22,0001489393-26-000034,lyb-20260522.htm,5.02 5.07 8.01 9.01,False,,"As discussed under Item 5.07 above, at the Annual Meeting, the Company’s shareholders approved a new share repurchase program authorizing the Company to repurchase up to 10% of the Company’s issued share capital as of the date of the Annual Meeting, or 34,042,250 shares, until November 22, 2027."
PWR,0001050915,2026-05-27,0001193125-26-241989,d122565d8k.htm,5.07 8.01 9.01,False,,"On May 22, 2026, the Company also announced that the Board authorized a new stock repurchase program."
ORLY,0000898173,2026-06-01,0000898173-26-000033,orly-20260601x8k.htm,8.01,False,2000000000.0,"(the “Company”) approved a resolution to increase the authorization amount under its share repurchase program by an additional $2.0 billion, raising the aggregate authorization under the program to $31.75 billion."
SHOP,0001594805,2026-06-02,0001594805-26-000028,shop-20260602.htm,7.01 9.01,False,3000000000.0,"(the ""Company"") issued a press release announcing that its Board of Directors authorized the Company to repurchase an additional US$3.0 billion of its Class A subordinate voting shares (""Class A Subordinate Voting Shares""), bringing its aggregate repurchase authorization to US$5.0 billion."
FICO,0000814547,2026-06-08,0001193125-26-260817,d140061dex991.htm,1.01 2.03 8.01 9.01,False,2000000000.0,"EX-99.1 3 d140061dex991.htm EX-99.1 EX-99.1 Exhibit 99.1 FICO Announces New Stock Repurchase Authorization, New Term Loan and Accelerated Share Repurchase Program Bozeman, MT – June 8, 2026 – FICO (NYSE:FICO), a global analytics software leader, today announced that its Board of Directors has approved a stock repurchase program to acquire up to $2.0 billion of the company’s outstanding common stoc"
CASY,0000726958,2026-06-09,0000726958-26-000033,casy-20260603.htm,2.02 5.02 5.03 8.01 9.01,True,400000000.0,"Other Events In the Press Release, the Company also announced that, on and as effective as of June 4, 2026, the Board approved an expansion of the Company's existing $400 million share repurchase authorization to a total aggregate amount of up to $1 billion."
AMAL,0001823608,2026-06-11,0001823608-26-000162,amal-20260609.htm,8.01,False,31400000.0,"(the “Company”) authorized the repurchase of up to an additional $31.4 million of the Company’s common stock, par value $0.01 per share, under the Company’s existing share repurchase program."
AZO,0000866787,2026-06-16,0001171843-26-004150,f8k_061626.htm,8.01 9.01,False,1500000000.0,"On June 16, 2026, AutoZone, Inc. issued a press release announcing that the Board has authorized the repurchase of an additional $1.5 billion of the Company’s common stock in connection with its ongoing share repurchase program."
CNTN,0001861657,2026-06-16,0001493152-26-028822,form8-k.htm,7.01 8.01 9.01,False,50000000.0,"Item 8.01 Other Events. 2026 Share Repurchase Program On June 11, 2026, the Board of Directors the Company approved a share repurchase program (the “ 2026 Share Repurchase Program ”) providing for the repurchase of up to $50 million of the Company’s outstanding shares of Common Stock."
YUM,0001041061,2026-06-16,0001193125-26-271893,d158986dex991.htm,7.01 9.01,False,4000000000.0,"Brands and Yum China Partner on KFC Growth Incentives  Board Approves Incremental $4 Billion Share Repurchase Authorization LOUISVILLE, Ky., June 16, 2026 — Yum!"
YUM,0001041061,2026-06-16,0001193125-26-272881,d47355d8k.htm,1.01 8.01,False,4000000000.0,"The Company’s Board of Directors has approved a new share repurchase authorization, which authorizes repurchases of up to $4.0 billion shares of common stock from the earlier of the exhaustion or expiration of the Company’s current share purchase authorization through June 30, 2028."
ACN,0001467373,2026-06-23,0001467373-26-000035,acn062320268-kexhibit.htm,7.01 9.01,False,2000000000.0,"EX-99 5 acn062320268-kexhibit.htm NEWS RELEASE OF ACCENTURE, DATED JUNE 23, 2026 Document Exhibit 99 Accenture Significantly Increases Fiscal Year 2026 Share Repurchase Program by $2 Billion Brings total fiscal year 2026 planned repurchase to $7.5 billion, a 62% increase year-over-year Reflects leadership’s view that Accenture's share price does not reflect the Company’s financial strength or long"
JPM,0000019617,2026-06-24,0001628280-26-045167,jpmc2026ccarresultsex99.htm,8.01 9.01,False,,"PRESS RELEASE DATED JUNE 24, 2026 Document Exhibit 99 JPMorgan Chase & Co. 270 Park Avenue, New York, NY 10017-2070 NYSE symbol: JPM www.jpmorganchase.com News release: IMMEDIATE RELEASE JPMorganChase Plans Dividend Increase and Has Authorized a New Common Share Repurchase Program New York | June 24, 2026 JPMorgan Chase & Co."
DRI,0000940944,2026-06-25,0000940944-26-000016,dri-20260624.htm,2.02 5.03 9.01,True,1500000000.0,"Authorizes New $1.5 Billion Share Repurchase Program; and Provides Fiscal 2027 Outlook,” a copy of which is furnished as Exhibit 99.1 to this Current Report on Form 8-K."
AON,0000315293,2026-07-01,0001193125-26-292736,d76205d8k.htm,5.02 5.07 8.01 9.01,False,7500000000.0,"On June 26, 2026, the Company’s Board of Directors approved an increase to the Company’s share repurchase program, authorizing Aon to buy back an additional $7.5 billion of Class A Ordinary Shares."
DLTR,0000935703,2026-07-02,0000935703-26-000075,dltr-20260701.htm,8.01 9.01,False,2500000000.0,"On July 1, 2026, the Board of Directors of Dollar Tree, Inc. approved a share repurchase authorization in an aggregate amount of $2.5 billion."
HAS,0000046080,2026-07-21,0000046080-26-000044,exhibit991q22026.htm,2.02 9.01,True,1000000000.0,"""Moving forward we are leaning into our $1B share repurchase authorization as we continue to balance investment in the business with returning cash to shareholders."" Second Quarter 2026 Results"
LVS,0001300514,2026-07-22,0001300514-26-000078,lvs_ex991x06302026.htm,2.02 9.01,True,6000000000.0,"LVS Board of Directors Increased Stock Repurchase Authorization to $6.0 billion LAS VEGAS, July 22, 2026 - Las Vegas Sands (NYSE: LVS), the leading global developer and operator of Integrated Resorts, today reported financial results for the quarter ended June 30, 2026."
FCFS,0000840489,2026-07-23,0000840489-26-000082,fcfs-20260723.htm,2.02 8.01 9.01,True,150000000.0,"(the “Company”) issued a press release (the “Earnings Release”) announcing its financial results for the three and six month periods ended June 30, 2026, the Board of Directors’ declaration of a third quarter cash dividend of $0.42 per common share and the Board of Directors’ authorization of $150 million of share repurchases."
HIG,0000874766,2026-07-23,0000874766-26-000059,ex991earningsnewsrelease63.htm,2.02 9.01,True,4200000000.0,"EX-99.1 2 ex991earningsnewsrelease63.htm EX-99.1 Document NEWS RELEASE The Hartford Reports Strong Second Quarter 2026 Financial Results Board authorized new $4.2 billion share repurchase program, representing a 27% increase from the prior authorization"
NEM,0001164727,2026-07-23,0001164727-26-000034,newmontq22026earningsrelea.htm,2.02 9.01,True,1700000000.0,"Ratable Share Repurchase Program Since the last earnings call, Newmont executed $1.7 billion of share repurchases under the current repurchase authorization of $6.0 billion."
SWKS,0000004127,2026-07-28,0000004127-26-000047,swks-20260727.htm,2.02 8.01 9.01,True,2000000000.0,"Stock Repurchase Program On July 27, 2026, the board of directors of the Registrant authorized a stock repurchase program for the repurchase of up to $2.0 billion of the Registrant’s common stock from time to time through January 31, 2029, on the open market or in privately negotiated transactions, in compliance with applicable securities laws and other legal requirements."
CMG,0001058090,2026-07-29,0001058090-26-000063,cmg-20260729.htm,2.02 8.01 9.01,True,1300000000.0,"On July 29, 2026, we announced that our Board of Directors has authorized repurchases of common stock with a total aggregate purchase price of $1.3 billion, exclusive of commissions."
TYL,0000860731,2026-07-29,0000860731-26-000048,a991earningsrelease-6302026.htm,2.02 8.01,True,,"Expanded repurchase authorization reflects long-term confidence PLANO, Texas – July 29, 2026 – Tyler Technologies, Inc."
CRS,0000017843,2026-07-30,0000017843-26-000028,a4q26earningspresentatio.htm,2.02 9.01,True,281000000.0,"$281.0 million of stock repurchases completed to date against $400.0 million authorization Exhibit 99.1 © 2026 CRS Holdings, LLC."
LPLA,0001397911,2026-07-30,0001628280-26-051046,a2026q2earningsrelease.htm,2.02 9.01,True,2500000000.0,"Repurchase Authorization: On July 23, 2026, the Board approved a $2.5 billion increase to the Company's share repurchase authorization *See the Non-GAAP Financial Measures section and the endnotes to this release for further details about these non-GAAP financial measures 1"
WTW,0001140536,2026-07-30,0001171843-26-005042,exh_991.htm,2.02 7.01 9.01,True,1500000000.0,"Share Repurchase Program Today, the Company announced that its Board of Directors approved an increase to the existing share repurchase authority in the amount of $1.5 billion."
FANG,0001539838,2026-08-03,0001539838-26-000137,diamondbackex991-8x3x26.htm,2.02 9.01,True,16000000000.0,"In July, the Board of Directors (the “Board”) doubled the Company's share repurchase authorization to $16.0 billion from $8.0 billion previously."
BR,0001383312,2026-08-04,0001383312-26-000022,br-20260803.htm,2.02 8.01,True,1500000000.0,"A copy of the press release announcing this dividend declaration is attached hereto as Exhibit 99.1 On August 3, 2026, the Board authorized a new share repurchase program under which Broadridge may repurchase up to $1.5 billion of its outstanding common stock."
DOC,0000765880,2026-08-04,0001628280-26-052608,ex99106302026.htm,2.02 7.01 9.01,True,500000000.0,"In July 2026, Healthpeak's Board of Directors authorized a new $500 million share repurchase program, replacing the existing $500 million authorization."
DVN,0001090012,2026-08-04,0001193125-26-332824,d359332dex991.htm,2.02 9.01,True,8000000000.0,"The company also returned capital to shareholders through its new $8.0 billion share repurchase program, approved by the board in conjunction with the merger close."
IFF,0000051253,2026-08-04,0000051253-26-000028,q22026991pressreleaseofiff.htm,2.02 8.01 9.01,True,2500000000.0,"Announces Use of Proceeds Plan for Food Ingredients Divestiture Delivered Strong Sales, Profit and Cash Flow Performance in Second Quarter 2026 Provides Full Year 2026 Financial Guidance on a Continuing Operations Basis Announces Enhanced $2.5B Share Repurchase Authorization;"
IT,0000749251,2026-08-04,0000749251-26-000243,it-20260730.htm,2.02 7.01 9.01,True,500000000.0,"Share Repurchase Authorization On July 30, 2026, the Company’s Board of Directors authorized incremental share repurchases of up to an additional $500.0 million of Gartner’s common stock."
HONA,0002089271,2026-08-05,0002089271-26-000020,hona-20260723.htm,2.02 5.02 8.01 9.01,True,3500000000.0,"Item 8.01 Other Events On July 23, 2026, the Board authorized a share repurchase program (the “Share Repurchase Program”) to purchase up to $3.5 billion of the Company's common stock over an indefinite term in open market transactions, privately negotiated transactions, through accelerated share repurchase agreements, or by such other means as the Company's Chief Executive Officer and Chief Financ"
SNDK,0002023554,2026-08-05,0001628280-26-053346,sndk-20260805.htm,2.02 8.01 9.01,True,14000000000.0,"On August 5, 2026 , the Company announced that its Board of Directors had approved a $14 billion (exclusive of fees and commissions) share repurchase program (the “Repurchase Program”)."
FLEX,0000866374,2026-08-07,0000866374-26-000033,flex-20260805.htm,5.07 8.01,False,2000000000.0,"The Company announced that it has received shareholder approval to purchase up to 20% of the Company’s issued and outstanding Ordinary Shares, and the Company’s Board of Directors has authorized management to continue its share repurchase plan for the Company’s issued Ordinary Shares in an aggregate amount not to exceed $2.0 billion."
CAH,0000721371,2026-08-11,0000721371-26-000037,a26q4_x063026xex991xnewsre.htm,2.02 7.01 9.01,True,350000000.0,"Incremental $350 million share repurchase completed, bringing fiscal year 2026 repurchase total to $1.4 billion, with $5.0 billion incremental repurchase authorization approved by board of directors"
TRMB,0000864749,2026-08-12,0000864749-26-000106,trmb-20260812.htm,2.02 8.01 9.01,True,1000000000.0,"On August 10, 2026, the Board of Directors authorized the repurchase of up to $1.0 billion in shares of the Company’s common stock."
TPR,0001116132,2026-08-13,0001140361-26-032624,ef20079840_ex99-1.htm,2.02 9.01,True,1350000000.0,Share Repurchases : Tapestry expects to buy back $1.35 billion in common stock in the fiscal year under its existing share repurchase authorization.
CINF,0000020286,2026-08-25,0000020286-26-000049,cinf-20260821.htm,7.01 8.01 9.01,False,,"Item 8.01 Other Events On August 21, 2026, the Board of Directors expanded the Company’s current share repurchase program by authorizing the Company to repurchase up to an additional 15 million shares of issued and outstanding common shares."
SOLS,0002064953,2026-08-27,0001104659-26-102503,tm2620579d9_8k.htm,1.01 1.02 7.01 8.01 9.01,False,500000000.0,"Share Repurchase Program On August 27, 2026, Solstice announced that the Board of Directors of Solstice approved Solstice’s share repurchase program, authorizing Solstice to repurchase up to $500 million of its common stock."
WDAY,0001327811,2026-08-27,0001327811-26-000042,wday-20260827.htm,2.02 8.01 9.01,True,4000000000.0,"Section 8 – Other Events Item 8.01 – Other Events On August 27, 2026, Workday announced that its Board of Directors authorized the repurchase of up to $4.0 billion of Workday’s outstanding shares of Class A common stock (the “August 2026 Share Repurchase Program”)."
MSTR,0001050446,2026-09-08,0001193125-26-384402,mstr-20260831.htm,7.01 8.01,False,1000000000.0,"Repurchase Program Updates On September 8, 2026, Strategy announced that its board of directors approved an increase in the aggregate purchase price authorized under its digital credit securities repurchase program (""Digital Credit Securities Repurchase Program"") from $1.0 billion to $2.0 billion (inclusive of any commissions, fees and expenses and inclusive of any repurchases made under the progr"
COO,0000711404,2026-09-09,0001628280-26-061155,coo-20260909.htm,2.02 8.01 9.01,True,,"On September 9, 2026, the Company issued a press release announcing the completion of its strategic review and an increase in its share repurchase authorization."
MSI,0000068505,2026-09-09,0001193125-26-386490,d492220d8k.htm,8.01 9.01,False,2000000000.0,"(the “Company”) issued a press release announcing that its Board of Directors has authorized an increase in its share repurchase program to permit the Company to purchase up to an additional $2.0 billion of its outstanding common shares, bringing the total share repurchase program up to $20 billion, with no expiration date for the program."
DHI,0000882184,2026-09-15,0000882184-26-000108,dhi-20260915.htm,8.01,False,5000000000.0,"(the “Company”) authorized the repurchase of an additional $5.0 billion of the Company’s common stock, with no expiration date."
